所在地,URL,店舗名,住所,電話番号
京都,https://www.yogaroom.jp/studio/kinki/kyoto/26107/21971,京都西大路教室,〒605-0088 京都府京都市南区吉祥院車道町 大西ビル４階,
京都,https://www.yogaroom.jp/studio/kinki/kyoto/26111/21033,ホットヨガスタジオLAVA（ラバ）京都桂店,〒615-8074 京都府京都市西京区桂南巽町80 都証券ビルB1F,0570-00-4515
京都,https://www.yogaroom.jp/studio/kinki/kyoto/26344/21987,【宇治田原教室】子連れヨガ＆マタニティヨガ,〒610-0261 京都府綴喜郡宇治田原町岩山,
京都,https://www.yogaroom.jp/studio/kinki/kyoto/26214/21851,ヨガと顔ヨガ《Chula yoga》,〒619-0222 京都府木津川市相楽川ノ尻87-1 タイヤフィット京都2階,09059024874
京都,https://www.yogaroom.jp/studio/kinki/kyoto/26108/21843,チャイニーズヨガスタジオはるひな,〒616-8341 京都府京都市右京区嵯峨甲塚町 5-39,09021983897
京都,https://www.yogaroom.jp/studio/kinki/kyoto/26104/22021,レムリアンロータス 個人ヨガ＆リラクゼーション,〒604-8141 京都府京都市中京区蛸薬師通東洞院東入る泉正寺町318,09087900358
京都,https://www.yogaroom.jp/studio/kinki/kyoto/26204/22066,Saekoピラティスレッスンスタジオ,〒611-0021 京都府宇治市宇治妙楽,08024162164
京都,https://www.yogaroom.jp/studio/kinki/kyoto/26109/13266,イルチブレインヨガ 伏見スタジオ,〒612-8039 京都府京都市伏見区御香宮門前町198 御香ビル４Ｆ,075-611-8470
京都,https://www.yogaroom.jp/studio/kinki/kyoto/26106/12183,スタジオＤＡＮＣＥＡＬＩＶＥ,〒600-8175 京都府京都市下京区烏丸松原上因幡堂713,075-361-1230
兵庫,https://www.yogaroom.jp/studio/kinki/hyogo/28102/12248,山本ヨガ研究所阪急六甲 「サラシャンテイ」教室,〒657-0051 兵庫県神戸市灘区八幡町3-6-19 クレアール2F,078-802-5120
兵庫,https://www.yogaroom.jp/studio/kinki/hyogo/28110/12247,HOT YOGA STUDIO O(ホットヨガスタジオオー)兵庫・三宮店,〒650-0012 兵庫県神戸市中央区北長狭通り3-2-3 ニューグランドビル６階,078-392-2888
奈良,https://www.yogaroom.jp/studio/kinki/nara/29202/21601,ホットヨガスタジオLAVA（ラバ）トナリエ大和高田店,〒635-0015 奈良県大和高田市幸町3-18 トナリエ大和高田2F,0570-00-4515
福岡,https://www.yogaroom.jp/studio/kyushu/fukuoka/40133/12332,Yoga-rhythm(ヨガ・リズム）,〒810-0023 福岡県福岡市中央区警固2-19-9 2F,092-771-1995
京都,https://www.yogaroom.jp/studio/kinki/kyoto/26104/21845,For-M(ママとベビーのヨガ),〒604-0862 京都府京都市中京区少将井町,
和歌山,https://www.yogaroom.jp/studio/kinki/wakayama/30201/12276,太陽ヨガカルチャーセンター,〒640-8464 和歌山県和歌山市市小路272-1,073-456-4195
大阪,https://www.yogaroom.jp/studio/kinki/osaka/27127/12199,Chillout Studio,〒530-0044 大阪府大阪市北区東天満1-11-9 和氣ビル1F,06-6353-8222
和歌山,https://www.yogaroom.jp/studio/kinki/wakayama/30201/12275,ＥｙＥ．ＤＡＮＣＥ．ＳＴＵＤＩＯ,〒640-8222 和歌山県和歌山市湊本町1-23,073-431-1422
大阪,https://www.yogaroom.jp/studio/kinki/osaka/27128/12202,ヨガスタジオナチュラルブレス天満橋スタジオ,〒540-0031 大阪府大阪市中央区北浜東2-13 幸ビル3F,06-6945-0808
大阪,https://www.yogaroom.jp/studio/kinki/osaka/27111/12589,ホットヨガスタジオLAVA（ラバ）なんば店,〒556-0011 大阪府大阪市浪速区難波中2-3-12 MMOビル4F,0570-00-4515
大阪,https://www.yogaroom.jp/studio/kinki/osaka/27127/12200,ライフスポーツKTV天六,〒531-0061 大阪府大阪市北区長柄西1-2-25,06-4800-0666
大阪,https://www.yogaroom.jp/studio/kinki/osaka/27123/12206,マニ・アーカシア,〒532-0011 大阪府大阪市淀川区西中島6-2-3 チサン第7新大阪3F313号,06-6301-8124
大阪,https://www.yogaroom.jp/studio/kinki/osaka/27128/12201,ヨガ ヴィオラトリコロール / 本町スタジオ,〒541-0053 大阪府大阪市中央区本町3-4-10 本町野村ビルB1F,0662634141
大阪,https://www.yogaroom.jp/studio/kinki/osaka/27127/12207,HOT YOGA STUDIO O(ホットヨガスタジオオー)大阪・南森町店,〒530-0054 大阪府大阪市北区南森町1-3-27 南森町丸井ビル1・2F,06-6360-6613
大阪,https://www.yogaroom.jp/studio/kinki/osaka/27106/12212,綺羅星ホール,〒550-0005 大阪府大阪市西区西本町1-15-6,06-6382-7243
大阪,https://www.yogaroom.jp/studio/kinki/osaka/27128/12203,Ciel Claire,〒542-0073 大阪府大阪市中央区日本橋2-1-22 上野ビル2F,06-6644-0067
大阪,https://www.yogaroom.jp/studio/kinki/osaka/27127/12214,TIPNESS（ティップネス）梅田,〒530-0018 大阪府大阪市北区小松原町3-3 OSビル4〜6F・B2F,06-6363-3531
大阪,https://www.yogaroom.jp/studio/kinki/osaka/27128/12213,いるかくらぶ,〒542-0081 大阪府大阪市中央区南船場3-6-25 IBC心斎橋east4階501号室,06-6245-2739
京都,https://www.yogaroom.jp/studio/kinki/kyoto/26204/21981,chocoyoga,〒611-0002 京都府宇治市木幡,
大阪,https://www.yogaroom.jp/studio/kinki/osaka/27119/12209,ストレッチヨガセラピースタジオ 阿倍野教室,〒545-0052 大阪府大阪市阿倍野区阿倍野筋3-10-1-300 阿部野ベルタ3F,06-6354-6890
大阪,https://www.yogaroom.jp/studio/kinki/osaka/27127/12210,ストレッチヨガセラピースタジオ JTBカルチャーサロン,〒530-0001 大阪府大阪市北区梅田2-5-2 新サンケイビル5F,06-6348-1450
大阪,https://www.yogaroom.jp/studio/kinki/osaka/27102/12215,TIPNESS（ティップネス）京橋,〒534-0024 大阪府大阪市都島区東野田町2-1-38 ホテル京阪京橋 6・7F,06-6352-3531
大阪,https://www.yogaroom.jp/studio/kinki/osaka/27119/12216,TIPNESS（ティップネス）天王寺,〒545-0053 大阪府大阪市阿倍野区松崎町1-2-8 天王寺都ホテル3・4F,06-6626-3531
大阪,https://www.yogaroom.jp/studio/kinki/osaka/27127/12218,POWER YOGA Studio PRANA,〒530-0012 大阪府大阪市北区芝田1-10-10 芝田グランドビル10F,06-6375-5800
大阪,https://www.yogaroom.jp/studio/kinki/osaka/27128/12221,Vision Yoga(ビジョンヨガ),〒541-0053 大阪府大阪市中央区本町4-5-24 本町朝日ビル6F,06-6266-2846
大阪,https://www.yogaroom.jp/studio/kinki/osaka/27127/12219,山崎健康ヨガスタジオ,〒530-0012 大阪府大阪市北区芝田町2-2-13 日生ビル東館4F,06-6375-2652
大阪,https://www.yogaroom.jp/studio/kinki/osaka/27128/12224,東急スポーツオアシス 心斎橋店,〒542-0083 大阪府大阪市中央区東心斎橋1-18-27 瀬尾喜東急ビル,06-6282-1090
大阪,https://www.yogaroom.jp/studio/kinki/osaka/27119/12226,東急スポーツオアシス あべの店,〒545-0052 大阪府大阪市阿倍野区阿倍野筋1-5-1 あべのルシアスビル3F,06-6641-6109
大阪,https://www.yogaroom.jp/studio/kinki/osaka/27111/12222,ウェルネスクラブ21なんば,〒556-0016 大阪府大阪市浪速区元町2-4-26 かんぽヘルスプラザ大阪6F,06-6645-5426
大阪,https://www.yogaroom.jp/studio/kinki/osaka/27227/12230,ペレーネカレッジ若江岩田,〒578-0946 大阪府東大阪市瓜生堂1-10-52 イズミヤ若江岩田店５階,0729-65-2654
大阪,https://www.yogaroom.jp/studio/kinki/osaka/27227/12229,石切ヨガ教室,〒579-8003 大阪府東大阪市日下町3-1-7 ゆうゆうプラザ4F第一和室,080-5718-2942
大阪,https://www.yogaroom.jp/studio/kinki/osaka/27227/12231,TIPNESS（ティップネス）布施,〒577-0841 大阪府東大阪市足代1-15-13,06-6730-6112
大阪,https://www.yogaroom.jp/studio/kinki/osaka/27128/12225,東急スポーツオアシス クラブウエスト心斎橋,〒542-0086 大阪府大阪市中央区西心斎橋1丁目6-14 BIG STEP 6F,06-6253-1109
大阪,https://www.yogaroom.jp/studio/kinki/osaka/27205/12233,大阪シティーアカデミー,〒564-0027 大阪府吹田市朝日町1-401 さんくす1番館4F,06-6382-7243
大阪,https://www.yogaroom.jp/studio/kinki/osaka/27227/12232,スポーツスクエアスターサップ,〒578-0901 大阪府東大阪市加納7-21-24,072-872-3715
大阪,https://www.yogaroom.jp/studio/kinki/osaka/27205/12234,東急スポーツオアシス 江坂店,〒564-0063 大阪府吹田市江坂町1丁目22-12 江坂東急弐番館2F,06-6330-6780
大阪,https://www.yogaroom.jp/studio/kinki/osaka/27119/12220,ヨーガアシュラム櫛田,〒545-0012 大阪府大阪市阿倍野区桃ケ池町1-4-12,06-6628-1451
大阪,https://www.yogaroom.jp/studio/kinki/osaka/27125/12217,スポーツクラブ ルネサンス 住之江,〒559-0024 大阪府大阪市住之江区新北島1-2-1 オスカードリーム6F,06-6684-2323
大阪,https://www.yogaroom.jp/studio/kinki/osaka/27211/12236,東急スポーツオアシス 茨木店,〒567-0828 大阪府茨木市舟木町2-25 エルボスク1 2F,072-635-0109
大阪,https://www.yogaroom.jp/studio/kinki/osaka/27211/12235,ライフスポーツKTV茨木,〒567-0816 大阪府茨木市永代町6-2 スポーツプラザ茨木4・5・6階,072-620-7800
大阪,https://www.yogaroom.jp/studio/kinki/osaka/27225/12237,高石市役所ヨガサークル,〒592-0011 大阪府高石市加茂4-1-1,
和歌山,https://www.yogaroom.jp/studio/kinki/wakayama/30201/12274,厚生年金健康福祉センターサンピア和歌山,〒641-0051 和歌山県和歌山市西高松1-7-87,073-436-8111
大阪,https://www.yogaroom.jp/studio/kinki/osaka/27215/12239,TIPNESS（ティップネス）香里園,〒572-0084 大阪府寝屋川市香里南之町30-18,072-802-3531
大阪,https://www.yogaroom.jp/studio/kinki/osaka/27127/12223,東急スポーツオアシス 梅田店,〒530-0002 大阪府大阪市北区曽根崎新地2-3-21 AXビル7F,06-6348-0109
大阪,https://www.yogaroom.jp/studio/kinki/osaka/27206/12240,スポーツクラブ ルネサンス・アルザ 泉大津,〒595-0025 大阪府泉大津市旭町18-6 アルザ泉大津3F,0725-31-3000
大阪,https://www.yogaroom.jp/studio/kinki/osaka/27212/12241,山本ヨガ研究所八尾駅前文化教室,〒581-0803 大阪府八尾市光町1-57,078-583-7784
大阪,https://www.yogaroom.jp/studio/kinki/osaka/27141/12243,よみうり文化センター堺校,〒590-0985 大阪府堺市堺区戎島町4丁45-1 ポルタスセンタービル7F,072-222-2030
大阪,https://www.yogaroom.jp/studio/kinki/osaka/27227/12228,鶴原ヨガスタジオ東大阪校,〒579-8023 大阪府東大阪市立花町1-21 鶴原グループビル3F,080-5718-2942
大阪,https://www.yogaroom.jp/studio/kinki/osaka/27225/12238,高石ふれあいゾーン,〒592-0014 大阪府高石市綾園4-5-28,072-261-3831
大阪,https://www.yogaroom.jp/studio/kinki/osaka/27106/12412,Aerial Osaka・（エアリアル大阪ナオヨガ）,〒542-0081 大阪府大阪市西区北堀江1-13-4 Nobビル７階,090-0000-0000
大阪,https://www.yogaroom.jp/studio/kinki/osaka/27111/12424,チャンドラ・スクール・オブ・ヨーガなんば教室,〒556-0017 大阪府大阪市浪速区湊町１−４−１ OCATビル４階,090-8217-7153
大阪,https://www.yogaroom.jp/studio/kinki/osaka/27204/12242,TIPNESS（ティップネス）石橋,〒563-0023 大阪府池田市井口堂3-1-5,072-762-1811
大阪,https://www.yogaroom.jp/studio/kinki/osaka/27141/12429,七道カルチャーセンター,〒590-0911 大阪府堺市堺区七道西町10番地,072-233-0214
大阪,https://www.yogaroom.jp/studio/kinki/osaka/27128/12448,ピラティス＆ヨガ スタジオB3【ビーキューブ】,〒542-0081 大阪府大阪市中央区南船場4-7-23 南船場第二東洋ビル4F,06-6241-6362
大阪,https://www.yogaroom.jp/studio/kinki/osaka/27114/12411,BODY IN HEARTボディインハート,〒533-0024 大阪府大阪市東淀川区柴島,080-1444-8584
大阪,https://www.yogaroom.jp/studio/kinki/osaka/27119/12426,チャンドラ・スクール・オブ・ヨーガ阿倍野教室,〒545-0052 大阪府大阪市阿倍野区阿倍野筋３丁目１０番 あべのベルタ３F,090-8217-7153
大阪,https://www.yogaroom.jp/studio/kinki/osaka/27127/12398,YIN YANG YOGA,〒530-0026 大阪府大阪市北区神山町 6-6 グランビルド,
大阪,https://www.yogaroom.jp/studio/kinki/osaka/27106/12430,ピックタントワークカルチャークラブ,〒550-0026 大阪府大阪市西区安治川2丁目3-2,06-6582-9911
大阪,https://www.yogaroom.jp/studio/kinki/osaka/27127/12504,スピリットヨガスタジオ,〒530-0041 大阪府大阪市北区天神橋３−１０−１７ 天満橋藤本興産ビル 5・6F,06-6881-3317
大阪,https://www.yogaroom.jp/studio/kinki/osaka/27146/12497,ピラティス＆ヨガstudio Lahaina(スタジオラハイナ）,〒591-8023 大阪府堺市北区中百舌鳥町5丁652-1 和香ビル302,072-204-0817
大阪,https://www.yogaroom.jp/studio/kinki/osaka/27128/12613,ヨガスタジオたかはし,〒540-0008 大阪府大阪市中央区大手前1-4-2 都住創大手前2階,06-6949-6567
大阪,https://www.yogaroom.jp/studio/kinki/osaka/27212/12542,パシオスポーツクラブ八尾,〒581-0085 大阪府八尾市安中町３−４−２０,0729-24-2334
大阪,https://www.yogaroom.jp/studio/kinki/osaka/27106/12505,KOHANA DANCE STUDIO コハナ ダンス スタジオ,〒550-0013 大阪府大阪市西区新町2-19-23 ダイナンビル1階,06-6543-0587
大阪,https://www.yogaroom.jp/studio/kinki/osaka/27205/12648,タイカルチャークラブリラーシダックス 江坂校,〒564-0051 大阪府吹田市豊津町１６−９,06-6190-7802
大阪,https://www.yogaroom.jp/studio/kinki/osaka/27144/12532,Pilates & Wellness Space 21st （ピラティス＆ウエルネススペース21st）,〒593-8326 大阪府堺市西区鳳西町1-54-101 APAガーデンコート鳳西壱番館1505,072-267-4514
大阪,https://www.yogaroom.jp/studio/kinki/osaka/27128/12652,後藤有美本町,〒541-0057 大阪府大阪市中央区北久宝寺４-２-２ 久宝ビル4階,０６ー６６４６ー３１０９
大阪,https://www.yogaroom.jp/studio/kinki/osaka/27218/12634,ダンススタジオSTREET GARDEN,〒574-0026 大阪府大東市住道1-2-6 1F,072-874-2558
大阪,https://www.yogaroom.jp/studio/kinki/osaka/27106/12664,ヨガスタジオナチュラルブレス本町スタジオ,〒550-0004 大阪府大阪市西区靭本町1-5-6 本町辰巳ビルB1,06-6443-7300
大阪,https://www.yogaroom.jp/studio/kinki/osaka/27211/12656,後藤有美南茨木,〒567-0868 大阪府茨木市沢良宜西１-４-１２,０６ー６６４６ー３１０９
大阪,https://www.yogaroom.jp/studio/kinki/osaka/27128/12653,後藤有美谷町,〒542-0012 大阪府大阪市中央区谷町６ー１７ー６ ベビーフェイスビル５階,０６ー６６４６ー３１０９
大阪,https://www.yogaroom.jp/studio/kinki/osaka/27109/12693,タック桃山,〒543-0027 大阪府大阪市天王寺区筆ヶ崎町2番33号,0120-26-0454
大阪,https://www.yogaroom.jp/studio/kinki/osaka/27205/12703,ＢａｓｉｓＹｏｇａ,〒565-0872 大阪府吹田市上山田７番 北千里グランドパークスクエア,090-5646-9654
大阪,https://www.yogaroom.jp/studio/kinki/osaka/27211/12716,ASAEスタジオ,〒569-0816 大阪府茨木市永代町 近藤ビル4階,09098794588
大阪,https://www.yogaroom.jp/studio/kinki/osaka/27128/12712,やさしいヨガ教室,〒542-0012 大阪府大阪市中央区谷町7-4-25 にぎわい堂,090-6605-9819
大阪,https://www.yogaroom.jp/studio/kinki/osaka/27204/12723,イルチブレインヨガ 石橋スタジオ,〒563-0032 大阪府池田市石橋2-2-10 マキノビル２F,072-762-7507
大阪,https://www.yogaroom.jp/studio/kinki/osaka/27109/12670,岩盤浴もりの王国,〒543-0028 大阪府大阪市天王寺区小橋町13-5 上本町財法ビル4F,06-6767-5577
大阪,https://www.yogaroom.jp/studio/kinki/osaka/27202/12733,matsu-you NY yoga（マツユウニューヨークヨガ）,〒596-0049 大阪府岸和田市八阪町2-3-7,072-437-2778
大阪,https://www.yogaroom.jp/studio/kinki/osaka/27127/12456,イルチブレインヨガ 梅田スタジオ,〒530-0051 大阪府大阪市北区太融寺町2-18 3F,06-6312-6007
大阪,https://www.yogaroom.jp/studio/kinki/osaka/27203/12752,シバナンダヨガ服部教室,〒561-0846 大阪府豊中市服部西町4-5-1 服部コミュニティ第一会館,06-6863-3823
大阪,https://www.yogaroom.jp/studio/kinki/osaka/27103/12778,南大阪ヨガライフ,〒583-0008 大阪府大阪市福島区福島４ Workshopspace Roots 内,090-3927-3367
大阪,https://www.yogaroom.jp/studio/kinki/osaka/27210/12803,イルチブレインヨガ 枚方スタジオ,〒573-0032 大阪府枚方市岡東町18-23 枚方近畿ビル６Ｆ,0728415801
大阪,https://www.yogaroom.jp/studio/kinki/osaka/27102/12790,イルチブレインヨガ 京橋スタジオ,〒534-0024 大阪府大阪市都島区東野田町2−9−23 晃進ビル３階A室,06-6242-8766
大阪,https://www.yogaroom.jp/studio/kinki/osaka/27213/12791,ゼオス泉佐野ヨガカルチャースクール,〒598-0007 大阪府泉佐野市上町3-3-18 泉佐野パレード,072-463-3305
大阪,https://www.yogaroom.jp/studio/kinki/osaka/27119/12828,イルチブレインヨガ 天王寺スタジオ,〒545-0051 大阪府大阪市阿倍野区旭町1-1-26 ウエムラあべのビル10階,06-6626-9855
大阪,https://www.yogaroom.jp/studio/kinki/osaka/27115/12831,yogastudio MYU,〒537-0002 大阪府大阪市東成区深江南１−７−２９,090-4280-0614
大阪,https://www.yogaroom.jp/studio/kinki/osaka/27106/12759,マンハッタンヨガスタジオ,〒550-0005 大阪府大阪市西区1−11−1−508 本町セントラルビル508号,06-6532-6601
大阪,https://www.yogaroom.jp/studio/kinki/osaka/27123/12893,YogaRoomMuktiヨガルームムクティ,〒532-0023 大阪府大阪市淀川区十三東2丁目6-26 ボナール神津502,070-5656-2337
大阪,https://www.yogaroom.jp/studio/kinki/osaka/27117/12889,ふらーら城北市民学習センター,〒535-0031 大阪府大阪市旭区高殿6-14-6 城北市民学習センター,090-5907-8286
大阪,https://www.yogaroom.jp/studio/kinki/osaka/27128/12926,利楽園天満橋店,〒540-0032 大阪府大阪市中央区天満橋京町1-1 京阪シティモール8F,06-4790-0081
大阪,https://www.yogaroom.jp/studio/kinki/osaka/27210/12968,AngelRoom,〒573-1106 大阪府枚方市町樟葉1-5-8 修英ビル3F,0120-076067
大阪,https://www.yogaroom.jp/studio/kinki/osaka/27106/13006,ミューラシア,〒550-0025 大阪府大阪市西区九条南3-10-15 ミューラシア,0665816848
大阪,https://www.yogaroom.jp/studio/kinki/osaka/27109/13043,Re3ニューヨークヨガ,〒543-0055 大阪府大阪市天王寺区悲田院町10-39 天王寺MiOPKビル１F,06-4305-2380
大阪,https://www.yogaroom.jp/studio/kinki/osaka/27127/13030,アンシー’s ストレッチヨガスタジオ,〒536-0038 大阪府大阪市北区大阪府大阪市北区天神橋2-4-16-3F 大研ビル,06-6354-6890
大阪,https://www.yogaroom.jp/studio/kinki/osaka/27120/13060,住吉区我孫子・沢ノ町40代50代のためのリラックス・ストレッチ美姿勢ヨガ,〒558-0023 大阪府大阪市住吉区我孫子 住吉区民センターまたは市営我孫子西住宅集会所,
大阪,https://www.yogaroom.jp/studio/kinki/osaka/27115/13077,レンタルスペースフロイデ,〒537-0023 大阪府大阪市東成区玉津２丁目１−２７ 彩貴ビル,06-6973-8444
大阪,https://www.yogaroom.jp/studio/kinki/osaka/27124/13098,YOGA TSURUMI,〒538-0035 大阪府大阪市鶴見区浜１−１−３７ 鶴見緑地球技場内会議室,06-6915-4712
大阪,https://www.yogaroom.jp/studio/kinki/osaka/27218/13114,ポップス文化教室,〒574-0046 大阪府大東市赤井１−１５−３ ポップタウン５番館２階,090-8192-0385
大阪,https://www.yogaroom.jp/studio/kinki/osaka/27128/12883,ミズノウェルネス,〒541--8538 大阪府大阪市中央区北浜4丁目1番23号,06-6223-7398
大阪,https://www.yogaroom.jp/studio/kinki/osaka/27215/13117,YogaSalonNAGIヨガサロンナギ,〒572-0085 大阪府寝屋川市香里新町２５−１４−３１３ 香里日光ハイツ３階,080-7065-7800
大阪,https://www.yogaroom.jp/studio/kinki/osaka/27128/13124,Ｂｅａｕｔｙ ＹＯＧＡ ｓａｌｏｎ ｆｅｅｌ （ビューティヨガサロン フィール）,〒540-0024 大阪府大阪市中央区南新町2丁目2-10 大平第二ビル2Ｆ,06-6943-1022
大阪,https://www.yogaroom.jp/studio/kinki/osaka/27128/13125,【The Yoga Lounge】ザ・ヨガラウンジ大阪/本町(本店）,〒541-0054 大阪府大阪市中央区南本町2-4-16 デビスビル3F 「The Yoga Lounge」,0664847636
大阪,https://www.yogaroom.jp/studio/kinki/osaka/27231/12683,Light Angel,〒589-0023 大阪府大阪狭山市大野台6丁目15-3,072-366-6198
大阪,https://www.yogaroom.jp/studio/kinki/osaka/27125/13129,トラディショナルヨガ南港教室,〒559-0033 大阪府大阪市住之江区南港中4丁目7-24 集会室,080-3771-3036
大阪,https://www.yogaroom.jp/studio/kinki/osaka/27202/12442,Natural Beauty Complex TIARA （ティアラ）,〒596-0054 大阪府岸和田市宮本町10-13 ゼンノスクエアー１２F・4F,072-422-1245
大阪,https://www.yogaroom.jp/studio/kinki/osaka/27210/12698,スパバレイ枚方南,〒573-0128 大阪府枚方市津田山手1丁目24番1,072-808-0184
大阪,https://www.yogaroom.jp/studio/kinki/osaka/27203/13010,Basis Yoga 豊中,〒560-0053 大阪府豊中市向丘２−１０−１０ リ・ライフビル３Ｆリ・ライフカルチャーセンター,06-6848-1300
大阪,https://www.yogaroom.jp/studio/kinki/osaka/27114/13174,超美人ヨガ(AnandaYoga)大阪プレイス,〒533-0023 大阪府大阪市東淀川区東淡路1丁目,0467-22-5990
大阪,https://www.yogaroom.jp/studio/kinki/osaka/27220/13165,やすらぎヨーガの会,〒560-0002 大阪府箕面市箕面市坊島4-5-20,090-6902-3564
大阪,https://www.yogaroom.jp/studio/kinki/osaka/27217/13198,だれでもヨガ,〒580-0032 大阪府松原市天美東8-8-10,080-6132-4832
大阪,https://www.yogaroom.jp/studio/kinki/osaka/27141/13192,イルチブレインヨガ 堺東スタジオ,〒590-0077 大阪府堺市堺区中瓦町２−３−２９ 堺東三井ビル３F,072-227-0631
大阪,https://www.yogaroom.jp/studio/kinki/osaka/27219/13212,トラディショナルヨガ和泉中央,〒594-1111 大阪府和泉市和泉市光明台 和泉シティプラザ、コミュニティ体育館、南部リージョンセンターほか,080-9472-3036
大阪,https://www.yogaroom.jp/studio/kinki/osaka/27106/13231,新町ヨガ部,〒550-0013 大阪府大阪市西区新町２−１７−３ 新町アパート２階,09074849713
大阪,https://www.yogaroom.jp/studio/kinki/osaka/27227/13264,ココロシャンティ＊ヨーガクラブ(八戸ノ里駅),〒577-0033 大阪府東大阪市御厨東2-6-19 五百石公園集会所2階,06-6785-3597
大阪,https://www.yogaroom.jp/studio/kinki/osaka/27127/13201,Ｐｉｌａｔｅｓ Ｓｔｕｄｉｏ Ｏｎｅ （ピラティススタジオワン）,〒530-0042 大阪府大阪市北区天満橋２-２-１３ グランパス天満橋９０２号,090-9047-5005
大阪,https://www.yogaroom.jp/studio/kinki/osaka/27127/13275,ジャパンヨガカレッジ大阪本校,〒530-0001 大阪府大阪市北区梅田１丁目３−１−８００ 大阪駅前第一ビル８階,06-6345-3811
大阪,https://www.yogaroom.jp/studio/kinki/osaka/27220/13282,PILATES STUDIO MOVEMENT,〒562-0005 大阪府箕面市新稲1-4-5 E203,072-702-0092
大阪,https://www.yogaroom.jp/studio/kinki/osaka/27223/13115,アカカベ江端コミュティプラザ,〒571-0004 大阪府門真市東江端10-36２階,090-8192-0385
大阪,https://www.yogaroom.jp/studio/kinki/osaka/27127/13247,アイアンガーヨガ相澤三千代スタジオ,〒530-0026 大阪府大阪市北区神山町2-10 木成ビル3階,06-6948-5210
大阪,https://www.yogaroom.jp/studio/kinki/osaka/27124/13286,ユカリズム鶴見ギャリー教室,〒538-0052 大阪府大阪市鶴見区4-11-41 鶴見ギャリーD3,06-6914-2228
大阪,https://www.yogaroom.jp/studio/kinki/osaka/27127/13304,ヨガスタジオチエンホー,〒530-0056 大阪府大阪市北区兎我野町3-19 兎我野ビル4F(3F受付）,06-6316-1211
大阪,https://www.yogaroom.jp/studio/kinki/osaka/27211/13300,日本活育協会畑田教室,〒567-0028 大阪府茨木市畑田町3-6 畑田コミュニティセンター,080-3822-3167
大阪,https://www.yogaroom.jp/studio/kinki/osaka/27211/13301,日本活育協会穂積教室,〒567-0041 大阪府茨木市下穂積1-7-5 穂積コミュニティセンター,072-621-2939
大阪,https://www.yogaroom.jp/studio/kinki/osaka/27211/13298,日本活育協会中津教室,〒567-0824 大阪府茨木市桑田町13-29 中津コミュニティセンター,080-3822-3167
大阪,https://www.yogaroom.jp/studio/kinki/osaka/27127/13285,STUDIO YUKARIZM（スタジオユカリズム）,〒531-0075 大阪府大阪市北区大淀南２−１−３ まつしたビル２N,06-6453-2228
大阪,https://www.yogaroom.jp/studio/kinki/osaka/27115/12989,e-Stone Spa,〒537-0024 大阪府大阪市東成区東小橋３−９−１１ Eビルダービル２Ｆ,06-6971-0026
大阪,https://www.yogaroom.jp/studio/kinki/osaka/27207/13327,日本活育協会スペシャルクラス,〒569-1118 大阪府高槻市奥天神2-8-50,072-681-0610
大阪,https://www.yogaroom.jp/studio/kinki/osaka/27211/13328,日本活育協会安威教室,〒567-0001 大阪府茨木市安威2-16-12 安威公民館,080-3822-3167
大阪,https://www.yogaroom.jp/studio/kinki/osaka/27127/13356,Yin Yang Yoga,〒530-0026 大阪府大阪市北区神山町６ー６ グランビルド４階,06-6362-0044
大阪,https://www.yogaroom.jp/studio/kinki/osaka/27123/13371,Esprit,〒532-0011 大阪府大阪市淀川区西中島２−１４−１０,06-6308-2787
大阪,https://www.yogaroom.jp/studio/kinki/osaka/27207/13325,日本活育協会三箇牧教室,〒569-0843 大阪府高槻市三箇牧1-15-1 JAたかつき三箇牧支店2F,072-681-0610
大阪,https://www.yogaroom.jp/studio/kinki/osaka/27225/13392,スタジオヨガ･ファイン!羽衣教室,〒592-0003 大阪府高石市東羽衣3-3-15,0722627515
大阪,https://www.yogaroom.jp/studio/kinki/osaka/27143/13393,スタジオヨガ・ファイン!北野田教室,〒599-8123 大阪府堺市東区北野田94-4 デルタ北野田2F,0722373945
大阪,https://www.yogaroom.jp/studio/kinki/osaka/27128/13365,ホットヨガスタジオ ビープラス心斎橋店,〒542-0086 大阪府大阪市中央区西心斎橋1-15-13 アートマスターズ心斎橋ビル4F,06-4704-3821
大阪,https://www.yogaroom.jp/studio/kinki/osaka/27115/13347,Yoga Litia（ヨガリシア）,〒537-0023 大阪府大阪市東成区玉津1-2-3 TSCビル6F,06-6974-1800
大阪,https://www.yogaroom.jp/studio/kinki/osaka/27223/13463,【峰楓-minekaede-】ヨガ＆ピラティススタジオ,〒571-0046 大阪府門真市本町９−３３ ウッディアベニュー１階,06-4980-8213
大阪,https://www.yogaroom.jp/studio/kinki/osaka/27127/13471,スタジオタムタム,〒591-8032 大阪府大阪市北区百舌鳥梅町3-4-4 興亜ビル２Ｆ,090-3727-0202
大阪,https://www.yogaroom.jp/studio/kinki/osaka/27115/13400,りぷる,〒537-0024 大阪府大阪市東成区玉津2-1-27 彩貴ビル6階レンタルスペースフロイデ,-
大阪,https://www.yogaroom.jp/studio/kinki/osaka/27230/13401,ヨガスタジオＫａｒｅｎ〜花蓮〜,〒576-0016 大阪府交野市星田３−４−３ 星田会館内,090-5366-2299
大阪,https://www.yogaroom.jp/studio/kinki/osaka/27141/13456,グラン：ルーシーダットン専門教室,〒590-0947 大阪府堺市堺区熊野町西3-2-14 松見ビル２階,080-1514-0003
大阪,https://www.yogaroom.jp/studio/kinki/osaka/27146/13476,Bhati Yoga Studio,〒591-8023 大阪府堺市北区中百舌鳥町梅町３丁４−４ 興亜ビル２F ダンススタジオTAMTAM,090-6600-9316
大阪,https://www.yogaroom.jp/studio/kinki/osaka/27109/13458,BRICKS STUDIO(DANCE&YOGA),〒543-0042 大阪府大阪市天王寺区烏ケ辻2‐2‐2 千石ビル２F,06-7176-2759
大阪,https://www.yogaroom.jp/studio/kinki/osaka/27106/13495,ヘルシーヨガ,〒554-0013 大阪府大阪市西区新町 西六会館,06-6534-0874
大阪,https://www.yogaroom.jp/studio/kinki/osaka/27142/13472,スタジオヴァリエ,〒599-8272 大阪府堺市中区深井中町529-2,090-6555-0173
大阪,https://www.yogaroom.jp/studio/kinki/osaka/27203/13602,シバナンダヨガ本部教室,〒561-0846 大阪府豊中市利倉東1-1-4-111 ディオフェルティ豊中服部,06-6863-3823
大阪,https://www.yogaroom.jp/studio/kinki/osaka/27227/13606,Yoga & Rusie 恭,〒577-0056 大阪府東大阪市長堂１−１９−２ 佐藤ユリバレエスクール,090-8535-8183
大阪,https://www.yogaroom.jp/studio/kinki/osaka/27219/13605,和泉・健康ヨガの会,〒594-0023 大阪府和泉市伯太町６−１−２０ ゆう・ゆうプラザ（人権文化センター）,090-9613-1990
大阪,https://www.yogaroom.jp/studio/kinki/osaka/27106/13614,船場ヨガ部,〒550-0013 大阪府大阪市西区新町１−２−６ 日宝ニュー新町ビル2階,09074849713
大阪,https://www.yogaroom.jp/studio/kinki/osaka/27141/13622,ミズノプレミアスクール大浜体育館,〒590-0974 大阪府堺市堺区大浜北町5-7-1,072-221-2080
大阪,https://www.yogaroom.jp/studio/kinki/osaka/27103/13665,PLAヨガ,〒553-0001 大阪府大阪市福島区海老江2−1−31青山ビル7Ｆ,0120-50-3601
大阪,https://www.yogaroom.jp/studio/kinki/osaka/27212/13675,ホットヨガスタジオパンテーラ,〒581-0834 大阪府八尾市萱振町1-74-1 松浦ﾋﾞﾙ3F,072-998-5550
大阪,https://www.yogaroom.jp/studio/kinki/osaka/27123/13644,studio do-up,〒532-0024 大阪府大阪市淀川区十三本町１−２１−２０ アズ-ル十三５階,06-6390-1526
大阪,https://www.yogaroom.jp/studio/kinki/osaka/27123/13581,なでしこ美塾Beauty Yogaクラス,〒532-0011 大阪府大阪市淀川区西中島6-5-4 サムティフェイム新大阪2-2702,06-4805-1661
大阪,https://www.yogaroom.jp/studio/kinki/osaka/27205/13693,イルチブレインヨガ 千里山スタジオ,〒565-0851 大阪府吹田市千里山西5-9-29 Ｓ１ビル３Ｆ,06-6338-5111
大阪,https://www.yogaroom.jp/studio/kinki/osaka/27215/13641,イルチブレインヨガ 寝屋川スタジオ,〒572-0838 大阪府寝屋川市八坂町１２−１３ 旭八坂ビル２階,072-821-0338
大阪,https://www.yogaroom.jp/studio/kinki/osaka/27142/13623,ミズノスポーツスクール原池公園体育館,〒599-8267 大阪府堺市中区八田寺町320,072-278-1004
大阪,https://www.yogaroom.jp/studio/kinki/osaka/27213/13707,ヨーガ・ディンジー生涯学習センター教室,〒598-0005 大阪府泉佐野市市場東１−２９５−１ 生涯学習センター,090-9613-1990
大阪,https://www.yogaroom.jp/studio/kinki/osaka/27215/13704,ヨガスタジオ「MOCK-YOU」,〒572-0801 大阪府寝屋川市寝屋1-18,090-3969-8485
大阪,https://www.yogaroom.jp/studio/kinki/osaka/27211/13299,日本活育協会Jスタジオ教室,〒567-0032 大阪府茨木市西駅前4 茨木ショップタウンB1F,080-3822-3167
大阪,https://www.yogaroom.jp/studio/kinki/osaka/27219/13736,ＹＯＧＡの時間,〒594-0041 大阪府和泉市いぶき野町５丁目４−７ 和泉市シティープラザ（和室、運動室）,080-6122-2618
大阪,https://www.yogaroom.jp/studio/kinki/osaka/27109/13795,COCO YOGA,〒543-0033 大阪府大阪市天王寺区堂ヶ芝1丁目５,090-5886-0743
大阪,https://www.yogaroom.jp/studio/kinki/osaka/27220/13729,AIヨガサークル,〒562-0013 大阪府箕面市坊島4丁目5-20 みのおキューズモール WEST 2F,00000000000
大阪,https://www.yogaroom.jp/studio/kinki/osaka/27127/13836,zen place yoga 梅田店,〒530-0001 大阪府大阪市北区梅田１−１２−１７ 梅田スクエアビルディングB２F・１０F,06-6346-3200
大阪,https://www.yogaroom.jp/studio/kinki/osaka/27106/13866,COCO YOGA,〒550-0033 大阪府大阪市西区京町堀２−１３−５ プロト2ビル,090-5886-0743
大阪,https://www.yogaroom.jp/studio/kinki/osaka/27227/13791,ココロシャンティ＊ヨーガクラブ(布施駅),〒577-0056 大阪府東大阪市長堂1-8-37 布施駅前夢広場サティ5階,06-6785-3597
大阪,https://www.yogaroom.jp/studio/kinki/osaka/27128/13876,生活ヨガ研究所,〒540-0031 大阪府大阪市中央区北浜東1-29 北浜ビル2号館7階,06-6949-3553
大阪,https://www.yogaroom.jp/studio/kinki/osaka/27227/13850,ＨＯＳ小阪フィットネスクラブ,〒577-0803 大阪府東大阪市下小阪２丁目11-1,0667225799
大阪,https://www.yogaroom.jp/studio/kinki/osaka/27226/13899,BPSベーシック・ピラティス・スタジオ,〒583-0027 大阪府藤井寺市岡１−５−３５ スリーエイトビル３F,072-953-3299
大阪,https://www.yogaroom.jp/studio/kinki/osaka/27109/13931,Yoga Studio FLARE PLUS（ヨガスタジオ フレアプラス）,〒543-0072 大阪府大阪市天王寺区生玉前町1-1 上本町ホールドビル5F,0120157208
大阪,https://www.yogaroom.jp/studio/kinki/osaka/27146/13820,ヨガスタジオwaraku和樂,〒591-8023 大阪府堺市北区百舌鳥梅北町2丁53−12,072-2018024
大阪,https://www.yogaroom.jp/studio/kinki/osaka/27209/13939,kulkul,〒570-0039 大阪府守口市橋波西の町2-12-7 ビル一階,06-6993-1233
大阪,https://www.yogaroom.jp/studio/kinki/osaka/27127/13966,Studio Zest,〒530-0004 大阪府大阪市北区堂島浜1-4-27 堂島中町ビル2F,06-6136-3579
大阪,https://www.yogaroom.jp/studio/kinki/osaka/27210/13979,Ｖｅ-Cure エイジレス・ボディメイキングスタジオ,〒573-0027 大阪府枚方市岡東町18-15 藤白・戎ビル地階１Ｆ,072-844-0404
大阪,https://www.yogaroom.jp/studio/kinki/osaka/27106/14022,ヨーガスクール・カイラス大阪教室,〒542-0066 大阪府大阪市西区西区新町1-22-14,06-7182-2218
大阪,https://www.yogaroom.jp/studio/kinki/osaka/27120/14048,ヨガスペースNatura,〒558-0013 大阪府大阪市住吉区我孫子東2-7-8 ふぁみーゆアビコ? 203号室,06-6690-0281
大阪,https://www.yogaroom.jp/studio/kinki/osaka/27116/14137,セラピースペース KUu（クウ）,〒554-0034 大阪府大阪市生野区桃谷2-20-13 ハイツクレイン5F,06-6478-5087
大阪,https://www.yogaroom.jp/studio/kinki/osaka/27127/14150,健康工房アジ庵,〒530-0028 大阪府大阪市北区万歳町３−１２ 萬栄ビル１階１０１号室,06-6314-3211
大阪,https://www.yogaroom.jp/studio/kinki/osaka/27106/14059,ピラティスルーム☆新町,〒550-0013 大阪府大阪市西区新町４−８,080-3038-1247
大阪,https://www.yogaroom.jp/studio/kinki/osaka/27212/14195,八尾文化教室,〒581-0074 大阪府八尾市栄町２丁目１−３ 長井医院敷地内,072-997-4646
大阪,https://www.yogaroom.jp/studio/kinki/osaka/27119/14196,yoga space ARATI(ヨガ スペース アラティ),〒545-0014 大阪府大阪市阿倍野区昭和町／駒川／日がス住吉会館,080-5715-8703
大阪,https://www.yogaroom.jp/studio/kinki/osaka/27211/14166,ラック・ルーシー：タイ式ヨガルーシーダットン教室,〒567-0012 大阪府茨木市東太田２丁目,090-7112-4604
大阪,https://www.yogaroom.jp/studio/kinki/osaka/27109/14100,Dance Studio Fine,〒543-0041 大阪府大阪市天王寺区真法院町17番24 真法院ビル4Ｆ,06-6773-9633
大阪,https://www.yogaroom.jp/studio/kinki/osaka/27146/14070,SLCAダイエット＆ヨガスタジオ,〒591-8032 大阪府堺市北区百舌鳥梅町3-9-8 プチシュバル２F,072-293-8706
大阪,https://www.yogaroom.jp/studio/kinki/osaka/27206/14102,石井ヨガスクール,〒595-0023 大阪府泉大津市豊中町１−８−１３,0725-33-7627
大阪,https://www.yogaroom.jp/studio/kinki/osaka/27126/14225,晴ル蒔※ヨガ,〒547-0027 大阪府大阪市平野区喜連,090-7366-9354
大阪,https://www.yogaroom.jp/studio/kinki/osaka/27202/14202,FC岸和田ヨガクラブ,〒596-0034 大阪府岸和田市春木本町2-13 FC岸和田ビル２階,0724579035
大阪,https://www.yogaroom.jp/studio/kinki/osaka/27141/14230,阿免寺ヨガ教室,〒590-0957 大阪府堺市堺区中之町西２−２−２５ 浄土宗阿免寺内,072-233-3212
大阪,https://www.yogaroom.jp/studio/kinki/osaka/27109/14231,ボディメイクスタジオGiNA（ジーナ）,〒543-0001 大阪府大阪市天王寺区上本町6-9-21 フュージョンプラスビル6F,06-6776-7933
大阪,https://www.yogaroom.jp/studio/kinki/osaka/27128/14233,Yoga Garden Place,〒543-0018 大阪府大阪市中央区大阪市中央区谷町7丁目2-2 Studio AlSur．第２スタジオ,090-8367-7039
大阪,https://www.yogaroom.jp/studio/kinki/osaka/27118/14309,美・BODY・ヨガ Venus,〒536-0005 大阪府大阪市城東区中央1-8-24 東洋プラザ蒲生708号室,080-5908-0762
大阪,https://www.yogaroom.jp/studio/kinki/osaka/27141/14320,TRUE Entertainment Studio,〒590-0940 大阪府堺市堺区車之町西２−２−５ ロイヤルコートビル３階ーC,080-6203-5789
大阪,https://www.yogaroom.jp/studio/kinki/osaka/27127/14330,oesy,〒531-0072 大阪府大阪市北区大阪市北区豊崎４−１２−１７ ナカジマビル２F Studio bijou-myyスタジオビジュミー,080-4304-8108
大阪,https://www.yogaroom.jp/studio/kinki/osaka/27219/14248,Lysmoon..,〒594-0042 大阪府和泉市箕形町,09056554358
大阪,https://www.yogaroom.jp/studio/kinki/osaka/27128/14357,chouchou esthetique&yoga,〒541-0044 大阪府大阪市中央区伏見町2丁目6-2 ネット伏見町401号室,06-6228-1021
大阪,https://www.yogaroom.jp/studio/kinki/osaka/27127/14376,サザンフォレストダンススタジオ,〒530-0047 大阪府大阪市北区西天満3-6-21プロパレス西天満3階 サザンフォレストダンススタジオ,06-4709-0777
大阪,https://www.yogaroom.jp/studio/kinki/osaka/27227/14345,宝持会総合健康づくりセンターHolly EIWA(ﾊﾘｰｴｲﾜ）,〒577-0809 大阪府東大阪市永和2-1-30,06-6722-6516
大阪,https://www.yogaroom.jp/studio/kinki/osaka/27115/14308,大阪市生涯学習東成教室,〒537-0022 大阪府大阪市東成区中本4-2-32 多目的室,06-6947-8554
大阪,https://www.yogaroom.jp/studio/kinki/osaka/27107/14395,スタジオOSORA,〒552-0003 大阪府大阪市港区磯路２−１６−８ モリハイツ５０３号,050-5532-3800
大阪,https://www.yogaroom.jp/studio/kinki/osaka/27127/14368,Soula,〒531-0072 大阪府大阪市北区豊崎2−8−11−902 コープジャペン,080-1457-9455
大阪,https://www.yogaroom.jp/studio/kinki/osaka/27127/14399,Tonic Room Umeda,〒530-0015 大阪府大阪市北区中崎西,090-3485-8653
大阪,https://www.yogaroom.jp/studio/kinki/osaka/27107/14240,大阪弁天町のヨガスクールQooYoga,〒537-0013 大阪府大阪市港区波除5-4-20,080-1526-8204
大阪,https://www.yogaroom.jp/studio/kinki/osaka/27202/14454,yogaのじかん（東岸和田駅前クラス）,〒596-0014 大阪府岸和田市岸和田市,090-2701-4691
大阪,https://www.yogaroom.jp/studio/kinki/osaka/27207/14440,ヨガスタジオアムリタ,〒569-1031 大阪府高槻市真上町6丁目29-17,080-4023-7447
大阪,https://www.yogaroom.jp/studio/kinki/osaka/27203/14545,FRAU YOGA（フラウヨガ）,〒560-0046 大阪府豊中市千里園、北桜塚,090-1441-0159
大阪,https://www.yogaroom.jp/studio/kinki/osaka/27128/14547,PLAYOGA長堀橋クラス,〒542-0081 大阪府大阪市中央区南船場2-4-19 大和ビル16号館7F,0120-50-3601
大阪,https://www.yogaroom.jp/studio/kinki/osaka/27119/14544,ストレッチヨーガクラブ＝阿倍野クラス＝,〒545-0052 大阪府大阪市阿倍野区阿倍野筋３丁目−２−１０ カルチャールーム３０３,090-3655-8043
大阪,https://www.yogaroom.jp/studio/kinki/osaka/27107/14567,セラピーアーツ,〒552-0001 大阪府大阪市港区波除6丁目5-16,06-7493-0523
大阪,https://www.yogaroom.jp/studio/kinki/osaka/27219/14573,トラディショナルヨガ・和泉中央,〒594-1111 大阪府和泉市光明台1-9-4（事務所）,080-9472-3036
大阪,https://www.yogaroom.jp/studio/kinki/osaka/27111/14497,ALBATROSSBODY−MAKESTUDIO,〒556-0015 大阪府大阪市浪速区敷津西２−１−１２ YKビル４階,06-6632-6780
大阪,https://www.yogaroom.jp/studio/kinki/osaka/27146/14450,Fleur de Lotus 〜フルール・ド・ロータス〜,〒591-8025 大阪府堺市北区長曽根町１１７９−５ 長尾公民館2F,090-1480-9999
大阪,https://www.yogaroom.jp/studio/kinki/osaka/27146/14579,シャンティ＠ヨガオフィス,〒591-8021 大阪府堺市北区新金岡町５−８−１０８,072-252-3966
大阪,https://www.yogaroom.jp/studio/kinki/osaka/27127/14597,ネリマサロン,〒530-0005 大阪府大阪市北区中之島4-2-1 ライオンズマンション中之島203号室,080-2442-4068
大阪,https://www.yogaroom.jp/studio/kinki/osaka/27213/14560,ストレッチヨーガクラブ＝泉佐野クラス＝,〒598-0005 大阪府泉佐野市市場東１丁目295-1 泉佐野市立生涯学習センター,090-3655-8043
大阪,https://www.yogaroom.jp/studio/kinki/osaka/27144/14651,ＦＳアカデミー,〒593-8302 大阪府堺市西区北条町1丁8-7,072-201-0552
大阪,https://www.yogaroom.jp/studio/kinki/osaka/27111/14646,Casa de ikoi YOGA,〒556-0014 大阪府大阪市浪速区大国１−７−１５,080-3813-0303
大阪,https://www.yogaroom.jp/studio/kinki/osaka/27203/14689,T&M 教育センターヨガ,〒560-0032 大阪府豊中市蛍池東町２−６−２―３階,560-0032
大阪,https://www.yogaroom.jp/studio/kinki/osaka/27202/14653,ムーヴ・ライク・フローイング,〒596-0004 大阪府岸和田市荒木町1-12-1 医療法人橋間診療所2階、3階,072-443-1133
大阪,https://www.yogaroom.jp/studio/kinki/osaka/27128/14633,プレマサットサンガヨーガスタジオ,〒542-0012 大阪府大阪市中央区谷町6丁目3-16 三幸ビル5F,06-6763-0127
大阪,https://www.yogaroom.jp/studio/kinki/osaka/27111/14685,イルチブレインヨガ難波スタジオ,〒556-0011 大阪府大阪市浪速区難波中2−2−20 辻村ビル４階,06-6646-5855
大阪,https://www.yogaroom.jp/studio/kinki/osaka/27106/14710,Soul Yoga Studio,〒550-0003 大阪府大阪市西区京町堀2-2-11 立誠社ビル3階302,090-3034-8960
大阪,https://www.yogaroom.jp/studio/kinki/osaka/27221/14697,YOU ヨガ国分教室,〒582-0021 大阪府柏原市国分本町７−４−７８ 国分東コミュニテイ会館,090-2280-0630
大阪,https://www.yogaroom.jp/studio/kinki/osaka/27127/14705,ぷららクラブ,〒530-0033 大阪府大阪市北区池田町3-1 ぷららてんま2階,06-6881-5517
大阪,https://www.yogaroom.jp/studio/kinki/osaka/27221/14577,akasha yoga アーカーシャヨガ,〒582-8555 大阪府柏原市安堂町1-60 リビエールホール,-
大阪,https://www.yogaroom.jp/studio/kinki/osaka/27111/14738,KuLaSu seasonなんばパークス産経学園,〒556-0011 大阪府大阪市浪速区難波中2-10-70 なんばパークス５Ｆ,06-6641-4880
大阪,https://www.yogaroom.jp/studio/kinki/osaka/27227/14711,YOU ヨガ花園教室,〒578-0937 大阪府東大阪市花園本町２−９−２６ 花園本町会館,090-2280-0630
大阪,https://www.yogaroom.jp/studio/kinki/osaka/27118/14744,ヨガ＆ピラティススタジオLUMIERE,〒536-0005 大阪府大阪市城東区中央１丁目１３−８ Ｍ＋ＦＬＡＴＳ４１２,070-6927-7833
大阪,https://www.yogaroom.jp/studio/kinki/osaka/27106/14722,Riroa's Beauty 【リロアズ ビューティー】,〒550-0002 大阪府大阪市西区江戸堀1丁目8-20 カドマルビル3F,06-6131-4658
大阪,https://www.yogaroom.jp/studio/kinki/osaka/27230/14804,"YOGA samgha ""GAJA""",〒576-0053 大阪府交野市郡津4-34-1 Hale Lani 2階,08038130935
大阪,https://www.yogaroom.jp/studio/kinki/osaka/27143/14830,神社でヒーリングヨガ<雫>,〒599-8112 大阪府堺市東区原寺７５−１ 萩原神社参集殿,090-2013-5583
大阪,https://www.yogaroom.jp/studio/kinki/osaka/27144/14789,おおとりアカデミーヨガ教室,〒593-8324 大阪府堺市西区鳳東町７−７３３ おおとりウイングス２階,072-275-0700
大阪,https://www.yogaroom.jp/studio/kinki/osaka/27127/14484,親子ヨガ教室いまここ,〒530-0043 大阪府大阪市北区天満2-6-3 コープ野村天満橋集会室,08061343189
大阪,https://www.yogaroom.jp/studio/kinki/osaka/27203/14776,Mina music studio YOGA,〒560-0021 大阪府豊中市本町１−７−１ 蝶六ビル５階,090-3275-6720
大阪,https://www.yogaroom.jp/studio/kinki/osaka/27210/14808,N's Yoga,〒573-0032 大阪府枚方市東田宮1-4-5（2F）,000-000-0000
大阪,https://www.yogaroom.jp/studio/kinki/osaka/27203/14943,zen place pilates 千里中央店,〒560-0082 大阪府豊中市新千里東町一丁目4番2号 千里ライフサイエンスセンタービル ２F,06-6873-2380
大阪,https://www.yogaroom.jp/studio/kinki/osaka/27127/14947,Yoga mitra中崎町教室,〒530-0015 大阪府大阪市北区中崎西4-1-20 つどい場みとら,06-6245-5996
大阪,https://www.yogaroom.jp/studio/kinki/osaka/27128/14874,yoga & rental studio LOTUS SPACE,〒540-0003 大阪府大阪市中央区森ノ宮中央1-18-15 中村ビル１F,090-6669-8120
大阪,https://www.yogaroom.jp/studio/kinki/osaka/27121/14913,アサナアサナ,〒546-0042 大阪府大阪市東住吉区南田辺1-10-32 南田辺会館,090-4493-0759
大阪,https://www.yogaroom.jp/studio/kinki/osaka/27204/15004,汐田靖子のヨガ 池田教室,〒563-0055 大阪府池田市菅原町3-1 ステーションNビルB1,090-9981-9338
大阪,https://www.yogaroom.jp/studio/kinki/osaka/27205/15083,円満寺 de ヨガ,〒574-0011 大阪府吹田市元町28-13 常光円満寺,0728766780
大阪,https://www.yogaroom.jp/studio/kinki/osaka/27116/15128,Little Lotus,〒544-0034 大阪府大阪市生野区桃谷1-12-16 桃谷STUDIO,090-5882-5672
大阪,https://www.yogaroom.jp/studio/kinki/osaka/27205/14807,ジークレフダンススタジオ,〒565-0851 大阪府吹田市千里山西１ー４０海原ビル三階 海原ビル三階,06-6385-1290
大阪,https://www.yogaroom.jp/studio/kinki/osaka/27220/14910,ｋａｍａｌａｙｏｇａ,〒562-0027 大阪府箕面市石丸2-4-15 灯ろうの家,090-6543-7575
大阪,https://www.yogaroom.jp/studio/kinki/osaka/27122/15171,Minori Yoga,〒557-0012 大阪府大阪市西成区聖天下 2-9-13,06-6661-0755
大阪,https://www.yogaroom.jp/studio/kinki/osaka/27204/15162,YOGA salon CLEAR,〒563-0058 大阪府池田市栄本町8-15,09085725788
大阪,https://www.yogaroom.jp/studio/kinki/osaka/27127/15023,ホットヨガスタジオ ビープラス梅田店,〒530-0051 大阪府大阪市北区太融寺町8-8 日進ビル2階,06-6316-1104
大阪,https://www.yogaroom.jp/studio/kinki/osaka/27204/15178,アーユルビューティSACHISTYLE,〒563-0041 大阪府池田市満寿美町2-7 矢野池田駅前ビル308,072-737-6696
大阪,https://www.yogaroom.jp/studio/kinki/osaka/27127/15262,ＹＯＧＡＳＴＵＤＩＯＭＡＨＡＮＡ,〒530-0012 大阪府大阪市北区芝田2-3-14 日生ビル３階,06-6359-0019
大阪,https://www.yogaroom.jp/studio/kinki/osaka/27113/15281,PLAYOGA西淀川クラス,〒555-0013 大阪府大阪市西淀川区千舟３丁目４−３ 千船会館,0120-50-3601
大阪,https://www.yogaroom.jp/studio/kinki/osaka/27128/15225,zen place strong 大阪,〒541-0053 大阪府大阪市中央区本町2-3-4 アソルティ本町ビル３F,06-4963-2414
大阪,https://www.yogaroom.jp/studio/kinki/osaka/27214/15197,ｎｉｋｏＹＯＧＡ,〒584-0083 大阪府富田林市向陽台３丁目１−１ エコールロゼショッピングセンター,080-5112-3806
大阪,https://www.yogaroom.jp/studio/kinki/osaka/27114/15312,YOGA SANSAR（ヨーガサンサール）,〒533-0014 大阪府大阪市東淀川区豊新,06-6195-7789
大阪,https://www.yogaroom.jp/studio/kinki/osaka/27104/15341,結＆月〜ムスビツキ・happyヨガin大阪〜,〒554-0001 大阪府大阪市此花区高見,080-1878-6705
大阪,https://www.yogaroom.jp/studio/kinki/osaka/27120/15336,スタジオパップヨガ教室,〒558-0004 大阪府大阪市住吉区長居東４−１３−２０ メゾンよしの２０３,06-7892-7714
大阪,https://www.yogaroom.jp/studio/kinki/osaka/27128/15328,Awake,〒541-0052 大阪府大阪市中央区安土町3−4−14 マツダビル6階,0120311716
大阪,https://www.yogaroom.jp/studio/kinki/osaka/27107/15355,弁天町YOGA STUDIO OSAKA,〒552-0003 大阪府大阪市港区市岡元町3-6-14 日新ビル４階,080-3580-4368
大阪,https://www.yogaroom.jp/studio/kinki/osaka/27203/15342,Hot yogaブレス,〒560-0033 大阪府豊中市蛍池中町1-5-18 メゾン豊中パート15,090-4286-5587
大阪,https://www.yogaroom.jp/studio/kinki/osaka/27106/15310,アンヤダルヨガ,〒550-0012 大阪府大阪市西区立売堀４−７−２４ 五葉阿波座ビル５０５,090-9058-3522
大阪,https://www.yogaroom.jp/studio/kinki/osaka/27205/15366,YOGA arc(江坂・豊津),〒564-0072 大阪府吹田市垂水町１−２８−３１ 豊一市民センター,080-4067-2489
大阪,https://www.yogaroom.jp/studio/kinki/osaka/27227/15433,ヨガスタジオシャンティ,〒577-0841 大阪府東大阪市足代1-14-3 二条ビル２０６,06-6726-3080
大阪,https://www.yogaroom.jp/studio/kinki/osaka/27128/15383,zen place pilates 心斎橋店,〒542-0086 大阪府大阪市中央区西心斎橋1-4-5 御堂筋ﾋﾞﾙﾃﾞｨﾝｸﾞ8F,06-4708-6160
大阪,https://www.yogaroom.jp/studio/kinki/osaka/27128/15372,zen place yoga 心斎橋店,〒542-0086 大阪府大阪市中央区西心斎橋1-4-5 御堂筋ビルディング8F,06-4708-6150
大阪,https://www.yogaroom.jp/studio/kinki/osaka/27120/15437,オリジナルインディアンYOGA,〒558-0011 大阪府大阪市住吉区苅田,080-6187-0404
大阪,https://www.yogaroom.jp/studio/kinki/osaka/27122/15115,からだ改善スタジオ 笑顔工房ふれ〜る,〒557-0033 大阪府大阪市西成区梅南1-8-8エスビーモータープール内,090-1133-0025
大阪,https://www.yogaroom.jp/studio/kinki/osaka/27217/15435,よがこべや〜yogaccoroom〜,〒580-0032 大阪府松原市天美東7-1-20 ロイヤルパレ天美２Ｆ,09037232866
大阪,https://www.yogaroom.jp/studio/kinki/osaka/27119/15443,ヨガフロー,〒545-0052 大阪府大阪市阿倍野区倍野筋２−４−４５,080-3812-2779
大阪,https://www.yogaroom.jp/studio/kinki/osaka/27141/15452,アウェアネスサポート綾ノ町,〒590-0018 大阪府堺市堺区柳之町西１−３−１９ 堺市立青少年センター,09073598833
大阪,https://www.yogaroom.jp/studio/kinki/osaka/27143/15463,アウェアネスサポート初芝,〒599-8114 大阪府堺市東区日置荘西町4-10-21,09073598833
大阪,https://www.yogaroom.jp/studio/kinki/osaka/27128/15514,ヨガ プリヴェ,〒540-0026 大阪府大阪市中央区内本町2-1-2,078-798-5938
大阪,https://www.yogaroom.jp/studio/kinki/osaka/27141/15524,ai-oneness,〒590-0944 大阪府堺市堺区櫛屋町東1-1-1 マルニシビル5F,090-3714-2614
大阪,https://www.yogaroom.jp/studio/kinki/osaka/27128/15522,YOGA MARU MIDORI（ヨガ マルミドリ）,〒540-0019 大阪府大阪市中央区和泉町1-3-3 3F,06-6926-4116
大阪,https://www.yogaroom.jp/studio/kinki/osaka/27119/15129,Attain-Yoga Studio OASIS鶴ヶ丘,〒545-0015 大阪府大阪市阿倍野区西田辺町2丁目4-1 東急スポーツOASIS 鶴ヶ丘店内,06-4700-0017
大阪,https://www.yogaroom.jp/studio/kinki/osaka/27120/15028,ゆる〜りヨガｔｏｍｏｒｒｏｗ,〒558-0054 大阪府大阪市住吉区帝塚山東,1234-5678
大阪,https://www.yogaroom.jp/studio/kinki/osaka/27220/15508,'A'ALA YOGA HAWAII×OSAKA,〒562-0041 大阪府箕面市桜 6-3-22,08047063986
大阪,https://www.yogaroom.jp/studio/kinki/osaka/27128/15456,studio ZERO（スタジオ ゼロ）,〒541-0056 大阪府大阪市中央区久太郎町4-2-3,06-6531-1555
大阪,https://www.yogaroom.jp/studio/kinki/osaka/27123/15548,CORE STUDIO,〒532-0011 大阪府大阪市淀川区西中島3-18-21 NLC新大阪18号館3F,080-4010-8946
大阪,https://www.yogaroom.jp/studio/kinki/osaka/27218/15549,YOGA STUDIO ARYA,〒574-0046 大阪府大東市赤井1丁目3-18 白井ビル3階,090-3942-3966
大阪,https://www.yogaroom.jp/studio/kinki/osaka/27204/15550,Ａｒｔ ｓｐａｃｅ ＺＡＮ -斬-,〒563-0032 大阪府池田市石橋1-8-15,090-9282-2012
大阪,https://www.yogaroom.jp/studio/kinki/osaka/27106/15569,PLAYOGA北堀江クラス,〒550-0014 大阪府大阪市西区北堀江1-1-27 イマイビル3階,0120-50-3601
大阪,https://www.yogaroom.jp/studio/kinki/osaka/27203/15556,zen place yoga 千里中央店,〒560-0082 大阪府豊中市新千里東町1-4-2 千里ライフサイエンスセンタービル2F,06-6155-3636
大阪,https://www.yogaroom.jp/studio/kinki/osaka/27220/15702,Maya Yoga & Healing Salon,〒562-0013 大阪府箕面市坊島4-19-36,090-6237-1958
大阪,https://www.yogaroom.jp/studio/kinki/osaka/27128/15583,Kamali Yoga Lesson,〒542-0066 大阪府大阪市中央区瓦屋町2丁目16−4 荒川ビル2F,06-6761-7102
大阪,https://www.yogaroom.jp/studio/kinki/osaka/27118/15778,木造りヨーガ楽習室,〒536-0008 大阪府大阪市城東区関目2-12-19,090-7493-2173
大阪,https://www.yogaroom.jp/studio/kinki/osaka/27230/15787,スタジオ オンブラージュ,〒576-0033 大阪府交野市私市4-17-3 スタジオ オンブラージュ,072-894-2332
大阪,https://www.yogaroom.jp/studio/kinki/osaka/27128/15588,トータルボディエンタテイメントスタジオclass one,〒541-0047 大阪府大阪市中央区淡路町3-2-13 ZeLKOVAビル6F,06-6227-8675
大阪,https://www.yogaroom.jp/studio/kinki/osaka/27205/15791,YOGA arc（南千里教室）,〒565-0862 大阪府吹田市雲台1丁目2番1号千里ニュータウンプラザ内8階 千里ニュータウンプラザ内8階,080-4067-2489
大阪,https://www.yogaroom.jp/studio/kinki/osaka/27205/15816,常光円満寺寺ヨガ,〒564-0031 大阪府吹田市元町28-13 常光円満寺,06-6381-0182
大阪,https://www.yogaroom.jp/studio/kinki/osaka/27127/15628,YOGA arc（メンズヨガ教室）,〒565-0821 大阪府大阪市北区扇町2-1-27 北区区民センター,080-4067-2489
大阪,https://www.yogaroom.jp/studio/kinki/osaka/27128/15866,GOLDIA（ゴルディア）,〒542-0076 大阪府大阪市中央区1丁目 ナンバヒップス,06-6212-3312
大阪,https://www.yogaroom.jp/studio/kinki/osaka/27128/15875,ヴァイクンタヨガ大阪・日本橋店,〒542-0072 大阪府大阪市中央区高津３丁目２−３ 柴田ビルディング２階,06-4395-5090
大阪,https://www.yogaroom.jp/studio/kinki/osaka/27216/15832,リメイク☆Body（三日市教室）,〒586-0048 大阪府河内長野市三日市町32-1 フォレスト三日市3階,090-4297-6856
大阪,https://www.yogaroom.jp/studio/kinki/osaka/27141/15841,ヨガスタジオ宿院,〒590-0955 大阪府堺市堺区宿院町東１−１−２０ HISビル２F＆３F,072-227-4441
大阪,https://www.yogaroom.jp/studio/kinki/osaka/27127/15883,JYIA日本ヨガインストラクター協会 大阪校(アンイングラツィア),〒530-0013 大阪府大阪市北区茶屋町7-20 チャスカ茶屋町レジデンス2002号,06-6940-7198
大阪,https://www.yogaroom.jp/studio/kinki/osaka/27227/15906,楽body 〜ピラティス〜（高井田・長田クラス）,〒577-0045 大阪府東大阪市西堤本通東３丁目−６−２３ Ｇａｒａｇｅ Ａｒｔ Ｓｐａｃｅ,080-8306-6761
大阪,https://www.yogaroom.jp/studio/kinki/osaka/27123/15868,【大阪・十三】Yoga-circles Lotus（ヨガサークル・ロータス）,〒532-0022 大阪府大阪市淀川区野中南十三駅徒歩5分,09020687053
大阪,https://www.yogaroom.jp/studio/kinki/osaka/27218/15981,YogaStudioNAMITAKSHI四条畷教室,〒574-0007 大阪府大東市北楠の里町22-24 前田酒店2階ダンス教室,080-3766-2847
大阪,https://www.yogaroom.jp/studio/kinki/osaka/27123/15918,スリーランズ（threeLands）,〒532-0023 大阪府大阪市淀川区十三東2-10-8 merci osakaビル4F,06-6390-6305
大阪,https://www.yogaroom.jp/studio/kinki/osaka/27127/16053,smita「スミタ」,〒530-0034 大阪府大阪市北区大阪市北区錦町3-7 グランフォースビルB１,080-9126-1266
大阪,https://www.yogaroom.jp/studio/kinki/osaka/27128/15858,YOGAスタジオatama,〒541-0044 大阪府大阪市中央区伏見町2-2-10 谷ビル7F,06-6484-6619
大阪,https://www.yogaroom.jp/studio/kinki/osaka/27226/15985,YOGA STUDIO Aria,〒583-0026 大阪府藤井寺市春日丘１−８−１５ ロイヤルビル３階,090-7489-6112
大阪,https://www.yogaroom.jp/studio/kinki/osaka/27227/16108,ヨガと音楽スタジオSORA,〒577-0817 大阪府東大阪市近江堂,-
大阪,https://www.yogaroom.jp/studio/kinki/osaka/27119/16130,Studio 花,〒545-0051 大阪府大阪市阿倍野区松崎町2丁目7-16,08038122779
大阪,https://www.yogaroom.jp/studio/kinki/osaka/27121/16104,たま先生の和ヨガ教室,〒546-0042 大阪府大阪市東住吉区西今川３−６−７ 今川地域振興センター,090-9872-4546
大阪,https://www.yogaroom.jp/studio/kinki/osaka/27207/16114,なごみよが（高槻教室）,〒569-1123 大阪府高槻市芥川町1-10-24-301 サージュビル3F,090-6822-9907
大阪,https://www.yogaroom.jp/studio/kinki/osaka/27113/16150,PLAヨガ塚本クラス,〒555-0022 大阪府大阪市西淀川区柏里2丁目3-20 大西ビル 4F,0120-50-3601
大阪,https://www.yogaroom.jp/studio/kinki/osaka/27106/16147,Riroa's Beauty（リロアズビューティー）,〒550-0002 大阪府大阪市西区江戸堀1‐8‐20 カドマルビル3F,06-6131-4658
大阪,https://www.yogaroom.jp/studio/kinki/osaka/27106/16155,ACROSS FIT STUDIO (アクロスフィットスタジオ）,〒550-0026 大阪府大阪市西区安治川2丁目3−2 安治川コールワーフビル3F,06-6582-9911
大阪,https://www.yogaroom.jp/studio/kinki/osaka/27203/15996,ヨガ ヴィオラトリコロール / 千里中央スタジオ,〒560-0082 大阪府豊中市千里東町1丁目4番1号 阪急千里中央ビル10F,0668714147
大阪,https://www.yogaroom.jp/studio/kinki/osaka/27127/15038,zen place pilates 梅田店,〒530-0001 大阪府大阪市北区梅田1-12-17 梅田スクエアビル10F,06-6225-8792
大阪,https://www.yogaroom.jp/studio/kinki/osaka/27203/16201,Aoi Yoga,〒560-0082 大阪府豊中市新千里東町１丁目２番２号 豊中市千里文化センター（コラボ）,090-7361-5692
大阪,https://www.yogaroom.jp/studio/kinki/osaka/27204/16202,マットピラティス教室,〒563-0024 大阪府池田市鉢塚2丁目8-5 鉢塚会館,072-761-3902
大阪,https://www.yogaroom.jp/studio/kinki/osaka/27210/16179,Shanti YOGA,〒573-0033 大阪府枚方市東香里 東香里教室（ｃａｆｅ Ｍ）,09075506790
大阪,https://www.yogaroom.jp/studio/kinki/osaka/27128/16137,ヨガスタジオフォレスタ（本町サロン）,〒541-0053 大阪府大阪市中央区備後町４丁目３−６ アスティナ御堂筋本町１００１,080-6141-6646
大阪,https://www.yogaroom.jp/studio/kinki/osaka/27118/16216,ヨガスタジオＣＨＡＲＭ,〒536-0008 大阪府大阪市城東区関目6丁目13-3 第3ケルンビル2階,080-4236-7621
大阪,https://www.yogaroom.jp/studio/kinki/osaka/27109/16229,アッサンブレ上町台スタジオ（アトリエタオ教室）,〒543-0001 大阪府大阪市天王寺区城南寺町4-12 上四ビル2階アトリエ タオ,090-2351-1603
大阪,https://www.yogaroom.jp/studio/kinki/osaka/27103/16151,PLAヨガ海老江クラス,〒553-0001 大阪府大阪市福島区海老江1丁目5-20 海老江東コミュニティーセンター,0120-50-3601
大阪,https://www.yogaroom.jp/studio/kinki/osaka/27220/16230,so fruitful,〒562-0001 大阪府箕面市箕面6-10-7 ARKTs,072-737-8627
大阪,https://www.yogaroom.jp/studio/kinki/osaka/27204/16224,Yoga salon 〜sora 空〜,〒563-0023 大阪府池田市井口堂３丁目,09034218568
大阪,https://www.yogaroom.jp/studio/kinki/osaka/27120/16205,Ｓ−ｌｉｎｅ,〒558-0053 大阪府大阪市住吉区手塚山中１−３−２ 帝塚山タワープラザ,06-6678-7207
大阪,https://www.yogaroom.jp/studio/kinki/osaka/27142/16239,カフェ・ヨガ 【un】,〒599-8235 大阪府堺市中区東町3136 フルーリ深井１階【珈琲un】,072-275-8392
大阪,https://www.yogaroom.jp/studio/kinki/osaka/27111/16322,Yoga Coco（Osakaスタジオ）,〒556-0014 大阪府大阪市浪速区大国2-2-29 アルウェットビルB 3F,080-3813-0303
大阪,https://www.yogaroom.jp/studio/kinki/osaka/27120/16295,ヨガプレイスアロマ,〒558-0031 大阪府大阪市住吉区沢之町1-11-1 ピタットハウス303,0606672-7738
大阪,https://www.yogaroom.jp/studio/kinki/osaka/27119/16264,YOGA教室MOMO（晴明丘公民館クラス）,〒545-0035 大阪府大阪市阿倍野区北畠1-18-4 晴明丘会館2階,090-8538-2335
大阪,https://www.yogaroom.jp/studio/kinki/osaka/27209/16367,ヨガ教室Tomoyoga京阪土居,〒570-0073 大阪府守口市土居町6-20 景光ビル２F （大阪王将の上階）,09065543971
大阪,https://www.yogaroom.jp/studio/kinki/osaka/27207/16254,E-N STUDIO,〒569-0814 大阪府高槻市富田町１−１６−２６ 栄和ビル2階,072-692-4022
大阪,https://www.yogaroom.jp/studio/kinki/osaka/27211/16378,youyouよ〜が（Studio Ko*a）,〒567-0824 大阪府茨木市中津町1-2 ギルド茨木3ＦスタジオKo*a,090-1023-1008
大阪,https://www.yogaroom.jp/studio/kinki/osaka/27232/16369,yogaのじかん（カフェ高木教室）,〒599-0235 大阪府阪南市箱の浦 カフェ高木,090-2701-4691
大阪,https://www.yogaroom.jp/studio/kinki/osaka/27128/16289,らくいぬ生活レッスンルーム,〒541-0057 大阪府大阪市中央区北久宝寺町１−７−１０−６Ｂ ATRIUMビル,06-6484-6312
大阪,https://www.yogaroom.jp/studio/kinki/osaka/27121/16418,Yoga Space アナハタ,〒546-0024 大阪府大阪市東住吉区東住吉区公園南矢田４丁目３０-３ 東住吉スポーツセンター １Ｆ多目的室,
大阪,https://www.yogaroom.jp/studio/kinki/osaka/27118/16423,ホリスティック Muna Yoga,〒536-0007 大阪府大阪市城東区成育３丁目２−１２ 三進ビル２０２,08037718362
大阪,https://www.yogaroom.jp/studio/kinki/osaka/27106/16388,manula yoga,〒550-0014 大阪府大阪市西区北堀江1−1−27 イマイビル4階,080-4023-7101
大阪,https://www.yogaroom.jp/studio/kinki/osaka/27120/16433,リラクゼーションヨガ,〒558-0011 大阪府大阪市住吉区苅田,090-6667-0002
大阪,https://www.yogaroom.jp/studio/kinki/osaka/27127/16458,【大阪・天満】ヨガシエスタ,〒530-0056 大阪府大阪市北区大阪市北区扇町2-1-27 大阪市立 北区民センター,090-9719-4241
大阪,https://www.yogaroom.jp/studio/kinki/osaka/27123/16571,YOGA arc(十三教室),〒532-0025 大阪府大阪市淀川区新北野1-10 第３コーポ集会所,080-4067-2489
大阪,https://www.yogaroom.jp/studio/kinki/osaka/27103/16459,【大阪・福島】ヨガ・シエスタ,〒553-0006 大阪府大阪市福島区吉野３−１７−２３ 大阪市立福島区民センター,09097194241
大阪,https://www.yogaroom.jp/studio/kinki/osaka/27127/16590,YOGA arc (Rena's yoga),〒530-0051 大阪府大阪市北区太融寺町3-27 新日本太融寺ビル5階,080-4267-9428
大阪,https://www.yogaroom.jp/studio/kinki/osaka/27231/16600,Happy Hug-ハピハグ-,〒589-0001 大阪府大阪狭山市東野西1丁目（詳細はご予約時にお伝えします）,090-7760-6862
大阪,https://www.yogaroom.jp/studio/kinki/osaka/27220/16638,ハート・オープン・ヨガ,〒562-0028 大阪府箕面市彩都粟生南1丁目16-29 くらしの杜KJ WORKS 大阪「かぐら」,09075572163
大阪,https://www.yogaroom.jp/studio/kinki/osaka/27118/16647,健康美人工房ハルモニア,〒536-0014 大阪府大阪市城東区鴫野西2-19-8 KINGGYM,080-2423-5948
大阪,https://www.yogaroom.jp/studio/kinki/osaka/27118/16643,健康美人工房ハルモニア放出ぱれっと教室,〒536-0021 大阪府大阪市城東区諏訪1-18-3 レンタルスペースぱれっと２階,080-2423-5948
大阪,https://www.yogaroom.jp/studio/kinki/osaka/27227/16645,健康美人工房ハルモニア寺ヨガ教室,〒578-0925 大阪府東大阪市稲葉2-6-48 光明寺,080-2423-5948
大阪,https://www.yogaroom.jp/studio/kinki/osaka/27141/16670,Yoga room まるさんかくしかく（緑ケ丘）,〒590-0805 大阪府堺市堺区緑ケ丘中町4-2-20-1,090-7363-9041
大阪,https://www.yogaroom.jp/studio/kinki/osaka/27115/16674,YOGA arc(玉造),〒537-0023 大阪府大阪市東成区玉津1-2-3 TSCビル6階 yoga Lithia,080-4267-9428
大阪,https://www.yogaroom.jp/studio/kinki/osaka/27106/16506,Flamboyant,〒550-0014 大阪府大阪市西区北堀江1-17-18 堀江パールマンション702,06-6536-3883
大阪,https://www.yogaroom.jp/studio/kinki/osaka/27227/16644,健康美人工房ハルモニア骨盤リンパヨガ布施教室,〒577-0849 大阪府東大阪市三ノ瀬1-6-53 三ノ瀬公民館,080-2423-5948
大阪,https://www.yogaroom.jp/studio/kinki/osaka/27145/16671,Yoga room まるさんかくしかく（スタジオティアラ）,〒590-0142 大阪府堺市南区檜尾544-1 スタジオティアラ 第２スタジオ,09073639041
大阪,https://www.yogaroom.jp/studio/kinki/osaka/27128/16784,こころとからだのウエルエイジングパナシア,〒540-0026 大阪府大阪市中央区内本町１-２-６ パナシアビル５階,06-6910-8741
大阪,https://www.yogaroom.jp/studio/kinki/osaka/27114/16806,Shanti Yoga おうちYoga,〒533-0014 大阪府大阪市東淀川区豊新１丁目,08038675841
大阪,https://www.yogaroom.jp/studio/kinki/osaka/27127/16681,シャンティランカ・アーユルヴェーダ,〒530-0041 大阪府大阪市北区天神橋1-18-11 てんいちゆうゆうホール1F,06-6314-3346
大阪,https://www.yogaroom.jp/studio/kinki/osaka/27210/16789,Enjoy Yoga !,〒573-1106 大阪府枚方市町楠葉１丁目５−３ 速水ビル３階,080-8422-8979
大阪,https://www.yogaroom.jp/studio/kinki/osaka/27221/16697,ヨガスポット・サンドラ,〒582-0021 大阪府柏原市国分本町2-1-13 明邦ビル２Ｆ,090-3969-3417
大阪,https://www.yogaroom.jp/studio/kinki/osaka/27128/16856,しろくまヨガ,〒541-0057 大阪府大阪市中央区北久宝寺町4-1-5 public3F,0900000000
大阪,https://www.yogaroom.jp/studio/kinki/osaka/27106/16876,Pilatesroom AWAZA,〒550-0012 大阪府大阪市西区立売堀 3-6-21 ユニーブルプルシア大阪,06-6616-9842
大阪,https://www.yogaroom.jp/studio/kinki/osaka/27127/16785,Yoga Salon AULI'I (ヨガサロン アウリィ),〒530-0054 大阪府大阪市北区南森町,090-5885-2374
大阪,https://www.yogaroom.jp/studio/kinki/osaka/27203/16881,studio amor(スタジオアモール),〒560-0021 大阪府豊中市本町4-1-24 イズミ豊中本町ビル301号室,06-6151-2242
大阪,https://www.yogaroom.jp/studio/kinki/osaka/27118/16826,YOGAKOYA-ヨガ小屋-,〒536-0006 大阪府大阪市城東区野江2-11-5 榎並福祉会館,080-3112-1063
大阪,https://www.yogaroom.jp/studio/kinki/osaka/27203/16896,Yoga Salon Auli'i（ヨガサロンアウリィ）,〒561-0882 大阪府豊中市南桜塚,090-5885-2374
大阪,https://www.yogaroom.jp/studio/kinki/osaka/27128/16894,Yoga hasasi,〒541-0054 大阪府大阪市中央区南本町４−１−８ アルテビル南本町B1F,080-1439-6113
大阪,https://www.yogaroom.jp/studio/kinki/osaka/27203/16891,ヨガ・ピラティス・ボディメイクスタジオangkasa,〒560-0021 大阪府豊中市本町1-13-29 竹の回廊ビル3F,06-6857-2177
大阪,https://www.yogaroom.jp/studio/kinki/osaka/27207/16933,CALDO（カルド）高槻,〒569-0802 大阪府高槻市北園町12-18 クリスタルビル3階,072-682-1221
大阪,https://www.yogaroom.jp/studio/kinki/osaka/27106/16970,加圧・ピラティススタジオＢ＆Ｂ 肥後橋,〒550-0003 大阪府大阪市西区京町堀1-7-12-3F,06-6147-3953
大阪,https://www.yogaroom.jp/studio/kinki/osaka/27106/16947,Yoga Yoko,〒550-0015 大阪府大阪市西区南堀江1-24-17 サウスサイドなにわ筋203号,090-7347-1788
大阪,https://www.yogaroom.jp/studio/kinki/osaka/27128/16964,ヨガロータス天満橋,〒540-0031 大阪府大阪市中央区北浜東2-18 堀川ビル4F,05058730736
大阪,https://www.yogaroom.jp/studio/kinki/osaka/27210/16995,studio3000,〒573-1105 大阪府枚方市南楠葉1-6-8 プレザントハウス2F,072-864-0077
大阪,https://www.yogaroom.jp/studio/kinki/osaka/27205/17030,banana-rusie,〒564-0003 大阪府吹田市天道町6-6 ミルキービル１階・あっしゅ,06-6339-3350
大阪,https://www.yogaroom.jp/studio/kinki/osaka/27212/16990,PLAYOGA(プレイヨガ）,〒581-0004 大阪府八尾市東本町3-6-13 ウィンビル2F,072-990-0887
大阪,https://www.yogaroom.jp/studio/kinki/osaka/27202/17040,YogaRoom DONNA〜ダナ〜,〒596-0825 大阪府岸和田市土生町2‐10‐25,09074877788
大阪,https://www.yogaroom.jp/studio/kinki/osaka/27127/17009,ピラティススタジオ・ダゴバ,〒530-0057 大阪府大阪市北区曽根崎１−４−６ 新御堂筋ビル７階,090-6827-7528
大阪,https://www.yogaroom.jp/studio/kinki/osaka/27218/17050,ダンススタジオSTREET GARDEN,〒574-0046 大阪府大東市赤井1-3-22 はりまやビル３階,072-874-2558
大阪,https://www.yogaroom.jp/studio/kinki/osaka/27204/17065,Yoga*Linola,〒563-0056 大阪府池田市栄町３−１５ 関関COLORS,090-5127-0142
大阪,https://www.yogaroom.jp/studio/kinki/osaka/27106/17011,Pilates Studio FREED BODY,〒550-0014 大阪府大阪市西区北堀江3-4-17 本原ビル401,09016739941
大阪,https://www.yogaroom.jp/studio/kinki/osaka/27116/17143,エステティック＆ヨガコーラル,〒544-0013 大阪府大阪市生野区巽中1-21-33,08053510350
大阪,https://www.yogaroom.jp/studio/kinki/osaka/27126/17088,KANAKO Yoga,〒547-0044 大阪府大阪市平野区平野本町１丁目１０−１２ 平野西会館,070-5349-3113
大阪,https://www.yogaroom.jp/studio/kinki/osaka/27213/17000,padoma（パドマ）,〒598-0043 大阪府泉佐野市大西1-23-9 泉佐野市立佐野公民館,090-6550-9739
大阪,https://www.yogaroom.jp/studio/kinki/osaka/27106/17153,ロペボボサンティー,〒550-0004 大阪府大阪市西区靱本町1-15-10 森田ビル 1.2F,06-6225-7728
大阪,https://www.yogaroom.jp/studio/kinki/osaka/27127/17206,STUDIO YO・GAN（スタジオ ヨガン）梅田,〒530-0013 大阪府大阪市北区茶屋町10−12 NU茶屋町 7F,06-6359-9066
大阪,https://www.yogaroom.jp/studio/kinki/osaka/27203/17311,ay yoga,〒560-0003 大阪府豊中市東豊中町３丁目１１−１ 東豊会館,080-1483-3744
大阪,https://www.yogaroom.jp/studio/kinki/osaka/27219/17314,PilatesBadanAman,〒594-0066 大阪府和泉市桑原町282-1-203 マルベリーパレス２階,0725-90-5460
大阪,https://www.yogaroom.jp/studio/kinki/osaka/27123/17266,Rasana,〒532-0023 大阪府大阪市淀川区十三東1丁目 プライベートサロンの為、詳細住所はご予約時にお伝えいたします。,06-6195-8380
大阪,https://www.yogaroom.jp/studio/kinki/osaka/27128/17328,Relacher(ルラシェ),〒540-0025 大阪府大阪市中央区徳井町2-3-8鳥澤ビル101 ダンススタジオmoon&sky内,06-6945-6422
大阪,https://www.yogaroom.jp/studio/kinki/osaka/27128/16908,ピラティススタジオRAY,〒541-0058 大阪府大阪市中央区南久宝寺町２−５−１０ ルネシアガーデン２０２,-
大阪,https://www.yogaroom.jp/studio/kinki/osaka/27211/17139,studio No Style,〒567-0816 大阪府茨木市永代町5-308 Socioいばらき1 3F,072-658-5633
大阪,https://www.yogaroom.jp/studio/kinki/osaka/27127/17357,YOGA VINI OSAKA(ヨガビニ オオサカ),〒531-0071 大阪府大阪市北区中津1-2-21 共栄ファイブ３０２,06-6147-6912
大阪,https://www.yogaroom.jp/studio/kinki/osaka/27128/17370,Yoga Studio MISTY,〒541-0041 大阪府大阪市中央区北浜2丁目1-21 つねなりビル２Ｆ,06-6226-1727
大阪,https://www.yogaroom.jp/studio/kinki/osaka/27125/17393,famille yoga,〒559-0011 大阪府大阪市住之江区北加賀屋2-7-9 2階,080-8343-7518
大阪,https://www.yogaroom.jp/studio/kinki/osaka/27127/17363,天満の小さなナチュラルセラピーサロン comomo house,〒530-0041 大阪府大阪市北区天神橋4-7-29-202,-
大阪,https://www.yogaroom.jp/studio/kinki/osaka/27127/17374,ｖｉｖａピラティス（中崎町クラス）,〒530-0016 大阪府大阪市北区中崎町２丁目３−２９,090-870-1891
大阪,https://www.yogaroom.jp/studio/kinki/osaka/27205/17395,ヨガスタジオAloheart〜Lokomaika’i〜,〒564-0025 大阪府吹田市 詳細・ご予約は下記blogにてお問い合わせ下さい。,
大阪,https://www.yogaroom.jp/studio/kinki/osaka/27203/17396,studio Pilates remove,〒560-0021 大阪府豊中市本町１−１２−３ イクスビル３F,06-6335-4139
大阪,https://www.yogaroom.jp/studio/kinki/osaka/27103/17397,スタジオラクア（ studio la cue a ),〒553-0003 大阪府大阪市福島区福島7-6-23 日の出ビル５階,06-6147-9929
大阪,https://www.yogaroom.jp/studio/kinki/osaka/27108/17351,SUNNY YOGA,〒551-0003 大阪府大阪市大正区千島2丁目7-93 千島体育館 1階 会議室,080-3806-2294
大阪,https://www.yogaroom.jp/studio/kinki/osaka/27203/17431,ワイルドビートボクシングスポーツジム,〒561-0801 大阪府豊中市曽根西町１−２−２−１Ｆ ケイアンドエフ豊中ビル,0120-603-533
大阪,https://www.yogaroom.jp/studio/kinki/osaka/27209/17402,Muna-Yoga（守口クラス）,〒570-0038 大阪府守口市河原町9番の2号 守口市民体育館,08037718362
大阪,https://www.yogaroom.jp/studio/kinki/osaka/27225/17430,エルセ富木,〒592-0013 大阪府高石市取石１丁目１６−１２,09023800243
大阪,https://www.yogaroom.jp/studio/kinki/osaka/27210/17439,Hsri ハシュリ（御殿山）,〒573-1182 大阪府枚方市御殿山町10-16 御殿山生涯美術センター,090-6601-6181
大阪,https://www.yogaroom.jp/studio/kinki/osaka/27128/17438,Ashtanga Yoga Center Osaka,〒541-0041 大阪府大阪市中央区北浜3-1-20 7階児島ビル,050-3706-3689
大阪,https://www.yogaroom.jp/studio/kinki/osaka/27106/17198,etela Beauty & Yoga Studio（エテラ ビューティ&ヨガスタジオ）,〒550-0014 大阪府大阪市西区北堀江1-1-23 養田ビル四ツ橋館3F,06-6535-8558
大阪,https://www.yogaroom.jp/studio/kinki/osaka/27208/17405,たけひさ鍼灸整骨院,〒597-0083 大阪府貝塚市海塚253-11,0724324641
大阪,https://www.yogaroom.jp/studio/kinki/osaka/27106/17442,Yoga Studio apure ヨガスタジオアピュアー大阪店,〒550-0014 大阪府大阪市西区北堀江1丁目1-24 近商ビル４階,06-6626-9645
大阪,https://www.yogaroom.jp/studio/kinki/osaka/27102/17502,plaisir(プレジール - ヨガ),〒531-0041 大阪府大阪市都島区都島本通3-8-12 砂山ビル２階,080-9553-4590
大阪,https://www.yogaroom.jp/studio/kinki/osaka/27146/17483,Ｃｏｃｏｒｏｍｉ,〒591-8044 大阪府堺市北区中長尾町２−４−２２ 西棟101グリーンハイツ,080-3851-5563
大阪,https://www.yogaroom.jp/studio/kinki/osaka/27109/17491,hinata,〒543-0071 大阪府大阪市天王寺区生玉町1-26,090-6609-5091
大阪,https://www.yogaroom.jp/studio/kinki/osaka/27103/17501,ホットヨガスタジオ ビープラス福島(西梅田)店,〒553-0003 大阪府大阪市福島区福島5丁目3-7 エスティ西梅田ビル6階,06-6453-1285
大阪,https://www.yogaroom.jp/studio/kinki/osaka/27118/17528,Yoga Link's,〒536-0002 大阪府大阪市城東区今福東2-13-13 ロイヤルハイツ603,090-8799-2114
大阪,https://www.yogaroom.jp/studio/kinki/osaka/27124/17455,ヨガ& ピラティスSQUAD,〒538-0035 大阪府大阪市鶴見区浜1-2-52 FUTMESSE鶴見緑地クラブハウス内,-
大阪,https://www.yogaroom.jp/studio/kinki/osaka/27218/17548,Tsunagu Lab.（つなぐラボ）祐照寺クラス,〒574-0044 大阪府大東市諸福7丁目2番35号 真言宗真弘山 祐照寺,080-5368-0790
大阪,https://www.yogaroom.jp/studio/kinki/osaka/27143/17522,cocoromi YOGA 萩原天神,〒599-8111 大阪府堺市東区日置荘北町３丁１１−３０ タツノビル２階スタジオ,080-3851-5563
大阪,https://www.yogaroom.jp/studio/kinki/osaka/27207/17005,大阪高槻ヨガ教室パリナーマ＜Parinama＞,〒569-0067 大阪府高槻市高槻市城北町2-4-1 高槻ファイブプラザ4階（阪急高槻市駅徒歩2分!ケーキ屋ドエルさんのビルです）,080-1435-0803
大阪,https://www.yogaroom.jp/studio/kinki/osaka/27128/17559,ヨガスタジオＣｏｐｅ,〒541-0051 大阪府大阪市中央区備後町3-5-3 御堂筋タイホービル4階,06-6210-4986
大阪,https://www.yogaroom.jp/studio/kinki/osaka/27119/17563,zen place pilates 天王寺店,〒545-0052 大阪府大阪市阿倍野区阿倍野筋１丁目３番１５号 阿部野共同ビル６階,06-6627-2828
大阪,https://www.yogaroom.jp/studio/kinki/osaka/27205/17580,May Yoga Studio,〒565-0842 大阪府吹田市千里山東2丁目16-10 アン-ドゥ-セットビル3階,070-5436-6398
大阪,https://www.yogaroom.jp/studio/kinki/osaka/27205/17552,zen place pilates 江坂店,〒564-0051 大阪府吹田市豊津町9-44 ハートランド江坂５階,06-6155-6815
大阪,https://www.yogaroom.jp/studio/kinki/osaka/27207/17629,BODYCORE Pilates,〒569-0076 大阪府高槻市栄町4-15-1 ロイヤル暁308号,090-2284-2077
大阪,https://www.yogaroom.jp/studio/kinki/osaka/27128/17631,AmaraOrganicaヨガスタジオ,〒542-0081 大阪府大阪市中央区南船場4-10-13 HUQUEビル72,06-7162-2004
大阪,https://www.yogaroom.jp/studio/kinki/osaka/27227/17632,ホットヨガ＆コラーゲンスタジオAs(アズ)東大阪店,〒578-0901 大阪府東大阪市加納7-21-24 スターサップ東大阪内,072-873-4567
大阪,https://www.yogaroom.jp/studio/kinki/osaka/27126/17648,山本紗内恵バレエスクール,〒547-0032 大阪府大阪市平野区流町３−５−６,0667905775
大阪,https://www.yogaroom.jp/studio/kinki/osaka/27227/17647,楽body 〜ピラティス〜（吉田クラス）,〒579-8043 大阪府東大阪市島ノ内1丁目,080-8306-6761
大阪,https://www.yogaroom.jp/studio/kinki/osaka/27141/17689,やさしいヨーガ,〒590-0930 大阪府堺市堺区柳之町西1-3-19 堺市立青少年センター,090-3924-8215
大阪,https://www.yogaroom.jp/studio/kinki/osaka/27231/17700,yoga studio kalani,〒589-0011 大阪府大阪狭山市半田1丁目649 宮崎ビル2F奥,090-6960-7735
大阪,https://www.yogaroom.jp/studio/kinki/osaka/27141/17737,Yoga・Soeur〜ヨガ・スゥール〜,〒590-0837 大阪府堺市堺区柏木町4丁1番11号 エリザベスビル4階,-070-5509-7797
大阪,https://www.yogaroom.jp/studio/kinki/osaka/27127/17593,body conditioning studio toiro,〒530-0027 大阪府大阪市北区堂山町1-5 三共梅田ビル3階,06-6809-3716
大阪,https://www.yogaroom.jp/studio/kinki/osaka/27122/17767,スタジオ チーモ,〒557-0034 大阪府大阪市西成区松1-1-21 明和オートワークビル2階,070-5437-4814
大阪,https://www.yogaroom.jp/studio/kinki/osaka/27146/17841,シニアヨガクラブ,〒591-8002 大阪府堺市北区北花田町3-30-3,090-8802-1788
大阪,https://www.yogaroom.jp/studio/kinki/osaka/27216/17707,Reset（スタジオ・コリーヌクラス）,〒586-0094 大阪府河内長野市小山田町121-32 スタジオ・コリーヌ,070-5661-9394
大阪,https://www.yogaroom.jp/studio/kinki/osaka/27106/17853,ヨガアーシス,〒550-0003 大阪府大阪市西区京町堀2-14-20 内外うつぼビル509,08037769347
大阪,https://www.yogaroom.jp/studio/kinki/osaka/27222/17879,ヨガコーリング,〒583-0881 大阪府羽曳野市恵我ノ荘5-1-1 谷口ビル3階,0120-32-5644
大阪,https://www.yogaroom.jp/studio/kinki/osaka/27127/17783,Beauty Bone,〒530-0041 大阪府大阪市北区天神橋5-7-12 キングスコート7階,06-6809-7071
大阪,https://www.yogaroom.jp/studio/kinki/osaka/27127/17868,ピラティス＆ヤムナコアワークスプルミエ北スポーツセンター,〒530-0071 大阪府大阪市北区中津3-4-27 大阪市北スポーツセンター教室,090-8556-1626
大阪,https://www.yogaroom.jp/studio/kinki/osaka/27103/17810,リトリートスタジオHARERAMA,〒553-0003 大阪府大阪市福島区福島1-1-48,06-6344-8285
大阪,https://www.yogaroom.jp/studio/kinki/osaka/27102/17899,Shakti Yoga Studio,〒534-0024 大阪府大阪市都島区東野田町1-1-42FEAST IBCビル,070-5455-1665
大阪,https://www.yogaroom.jp/studio/kinki/osaka/27203/17882,なごみよが 豊中曽根教室,〒560-0036 大阪府豊中市曽根東町3-7-3,090-6822-9907
大阪,https://www.yogaroom.jp/studio/kinki/osaka/27127/17929,Takako Beauty up Yoga,〒530-0025 大阪府大阪市北区天神橋筋3-9-18 西川ビル ４階,06-6367-0939
大阪,https://www.yogaroom.jp/studio/kinki/osaka/27127/17916,ピラティス＆ヤムナコアワークスプルミエ大阪駅前第2ビル教室,〒530-0001 大阪府大阪市北区梅田1-2-2-500 大阪駅前第2ビル5F大阪市立総合生涯学習センター,090-8556-1626
大阪,https://www.yogaroom.jp/studio/kinki/osaka/27203/17955,おりまゆサロン千里中央,〒560-0082 大阪府豊中市新千里東町2-4 D-4-207号 C階段,09025971260
大阪,https://www.yogaroom.jp/studio/kinki/osaka/27127/17886,酸素ヨガスタジオ,〒530-0022 大阪府大阪市北区浪花町10-14 メゾンドゴトウ２０１,0669407853
大阪,https://www.yogaroom.jp/studio/kinki/osaka/27215/17975,YOGA COCORO,〒572-0825 大阪府寝屋川市萱島南町12-6 萱島まちづくりセンター,090-5244-8405
大阪,https://www.yogaroom.jp/studio/kinki/osaka/27106/17976,ヨガ＆カフェユニバーサルスポット,〒550-0011 大阪府大阪市西区阿波座１−１５−８ アモーレ本町ウェスト１F,06-6563-9319
大阪,https://www.yogaroom.jp/studio/kinki/osaka/27119/18033,東急スポーツオアシス 鶴ヶ丘店,〒545-0014 大阪府大阪市阿倍野区西田辺町2-4-1,06-4700-0109
大阪,https://www.yogaroom.jp/studio/kinki/osaka/27128/17904,ボディワークスタジオAllonge 心斎橋スタジオ,〒541-0059 大阪府大阪市中央区博労町4-6-17 第三丸米ビル417,080-6391-9062
大阪,https://www.yogaroom.jp/studio/kinki/osaka/27126/17888,ハートスペース,〒547-0027 大阪府大阪市平野区喜連2-5-90 HoldOut3階,090-5015-1344
大阪,https://www.yogaroom.jp/studio/kinki/osaka/27111/18051,ピラティス＆ヤムナコアワークスプルミエ浪速スポーツセンター教室,〒556-0011 大阪府大阪市浪速区難波中3-8-8 大阪市浪速スポーツセンター多目的室１（3F）,090-8556-1626
大阪,https://www.yogaroom.jp/studio/kinki/osaka/27128/17914,Studio Ocean,〒541-0044 大阪府大阪市中央区伏見町2丁目5-9 三福ビル2-1,06-7165-9946
大阪,https://www.yogaroom.jp/studio/kinki/osaka/27128/18048,Yoga House ILA 《整体院いら堂のセミプライベートヨガ教室》,〒541-0046 大阪府大阪市中央区平野町４−７−８ アベニュー淀屋橋３０７,06-6226-8738
大阪,https://www.yogaroom.jp/studio/kinki/osaka/27106/18090,GREEN SPACE YOGA,〒550-0013 大阪府大阪市西区新町２−９−４ ビーラックビル２F３F４F,0665567275
大阪,https://www.yogaroom.jp/studio/kinki/osaka/27215/18105,J-YOGAKIMIKA,〒572-0036 大阪府寝屋川市池田西町28番22号 寝屋川市総合センター3階,090-3942-8945
大阪,https://www.yogaroom.jp/studio/kinki/osaka/27204/18123,Azure yogastudio,〒563-0055 大阪府池田市菅原町 2-11 塚原ビル 4階,-
大阪,https://www.yogaroom.jp/studio/kinki/osaka/27128/18130,YOGA SHALA SAMADHI,〒541-0045 大阪府大阪市中央区道修町4-7-11 D-HBビル2F,06-6221-5491
大阪,https://www.yogaroom.jp/studio/kinki/osaka/27321/18128,フリーステーション健康教室,〒563-0102 大阪府豊能郡豊能町ときわ台5-9-3 フリーステーションデイサービスセンター2階,072-750-6255
大阪,https://www.yogaroom.jp/studio/kinki/osaka/27209/18156,YOGA GANGA,〒570-0083 大阪府守口市京阪本通２丁目１−５ 守口PKIビル６F,080-9758-1243
大阪,https://www.yogaroom.jp/studio/kinki/osaka/27106/18109,TOU,〒550-0013 大阪府大阪市西区新町1-34-2,0665437119
大阪,https://www.yogaroom.jp/studio/kinki/osaka/27106/18169,Shihomi Balletyoga,〒550-0004 大阪府大阪市西区靭本町1丁目15番10号 森田ビル1F,09062035141
大阪,https://www.yogaroom.jp/studio/kinki/osaka/27125/18192,ヨガ教室imacoco住之江クラス,"〒559-0005 大阪府大阪市住之江区西住之江1-3-26 西住之江1,2丁目会館",08083180284
大阪,https://www.yogaroom.jp/studio/kinki/osaka/27106/18052,ピラティス＆ヤムナコアワークスプルミエ西スポーツセンター教室,〒550-0012 大阪府大阪市西区立売堀4-10-18 阿波座センタービル6階大阪市西スポーツセンター多目的室,090-8556-1626
大阪,https://www.yogaroom.jp/studio/kinki/osaka/27106/18164,Studio hito to inu （スタジオヒトトイヌ）,〒550-0003 大阪府大阪市西区京町堀1-11-7 京旺ビル2C,0661105391
大阪,https://www.yogaroom.jp/studio/kinki/osaka/27210/18201,mok&#7779;a&#7717;,〒573-0064 大阪府枚方市北中振2丁目3番44号 楽寿荘,09013472868
大阪,https://www.yogaroom.jp/studio/kinki/osaka/27128/18149,studio butterfly,〒541-0043 大阪府大阪市中央区高麗橋2-5-10 オーバンビル４階,06-6210-1823
大阪,https://www.yogaroom.jp/studio/kinki/osaka/27203/18140,studio-Ajari スタジオアジャリ,〒561-0832 大阪府豊中市庄内西町2-4-1 かねまつ庄内ビルB1F,06-6336-9211
大阪,https://www.yogaroom.jp/studio/kinki/osaka/27203/18207,zen place pilates 豊中店,〒560-0021 大阪府豊中市本町3-1-57 ルミエール豊中5F,06-4866-5548
大阪,https://www.yogaroom.jp/studio/kinki/osaka/27231/18247,グッポコンディショニングルーム,〒589-0011 大阪府大阪狭山市半田2-248-3 パインリバー?,072-367-3244
大阪,https://www.yogaroom.jp/studio/kinki/osaka/27203/18278,Vivo Bearsi（ヴィーボベアスィ）豊中店,〒560-0023 大阪府豊中市岡上の町２丁目１−８ とよなかハートパレット５階,06-6848-8300
大阪,https://www.yogaroom.jp/studio/kinki/osaka/27223/18162,ナチュラルヨガ【ベアーズ大日教室】,〒571-0051 大阪府門真市向島町3-35 ベアーズ２階,050-5866-9110
大阪,https://www.yogaroom.jp/studio/kinki/osaka/27207/18245,ホットヨガ&コラーゲンスタジオAs(アズ)高槻店,〒569-1143 大阪府高槻市幸町4-3 愛仁会総合健康センター内,072-694-7660
大阪,https://www.yogaroom.jp/studio/kinki/osaka/27102/18221,アシャラYOGA,〒534-0021 大阪府大阪市都島区都島北通２−２２−３２,09032631919
大阪,https://www.yogaroom.jp/studio/kinki/osaka/27106/18258,ConGrazia,〒550-0015 大阪府大阪市西区南堀江2-5-1 エイトビル南堀江2F,090-9610-4305
大阪,https://www.yogaroom.jp/studio/kinki/osaka/27221/18312,BEAT ART DANCE STUDIO,〒582-0025 大阪府柏原市国分西2-1-41 国分壱番館1階,072-933-2015
大阪,https://www.yogaroom.jp/studio/kinki/osaka/27215/18295,YOGA STUDIO BASE KORIEN,〒572-0080 大阪府寝屋川市香里北之町２−３ 富士香里ビル２階,072-800-8825
大阪,https://www.yogaroom.jp/studio/kinki/osaka/27207/18332,イルチブレインヨガ高槻スタジオ,〒569-0803 大阪府高槻市高槻町20-13 高槻井上ビル3階,072-682-8601
大阪,https://www.yogaroom.jp/studio/kinki/osaka/27128/18334,yogakula,〒541-0055 大阪府大阪市中央区船場中央1-3-2 ラントレせんば2号館南通り1F堺筋側,000-0000-0000
大阪,https://www.yogaroom.jp/studio/kinki/osaka/27123/18301,ディラ西中島南方クラス,〒532-0011 大阪府大阪市淀川区西中島4-2-26 天神第一ビル2F,06-6224-4591
大阪,https://www.yogaroom.jp/studio/kinki/osaka/27127/18346,美HappyYoga,〒530-0043 大阪府大阪市北区天満3丁目11-16 スポーツドリームファクトリー3階,0668815519
大阪,https://www.yogaroom.jp/studio/kinki/osaka/27121/18333,ヨガスタジオ Cloud nine,〒546-0002 大阪府大阪市東住吉区杭全4-12-17 たけはら鍼灸整骨院,06-6713-8569
大阪,https://www.yogaroom.jp/studio/kinki/osaka/27108/18378,YOGA studio SALA,〒551-0021 大阪府大阪市大正区泉尾3-4-12 二階,090-8232-9209
大阪,https://www.yogaroom.jp/studio/kinki/osaka/27203/18352,体幹YOGA 美Body Make,〒560-0003 大阪府豊中市向丘1-6-1 向丘コーポラス1階,09054618713
大阪,https://www.yogaroom.jp/studio/kinki/osaka/27203/18390,リンパマッサージ＆ヨガ,〒561-0882 大阪府豊中市北桜塚３−１−２８ 北桜塚会館,09010717678
大阪,https://www.yogaroom.jp/studio/kinki/osaka/27106/18313,THE VANCOUVER SKY STUDIO -yoga/pilates/english/life,〒550-0004 大阪府大阪市西区靭本町2-2-12 GLASHAUS 403,06-6136-3307
大阪,https://www.yogaroom.jp/studio/kinki/osaka/27106/18419,studio Radiance,〒550-0014 大阪府大阪市西区北堀江2−12-1 橘ビル3階,090-9059-7506
大阪,https://www.yogaroom.jp/studio/kinki/osaka/27210/18394,Yoga Madhya （ヨガ・マディヤ）,〒573-1057 大阪府枚方市藤坂元町１丁目１３−１ ヨガ・マディア,080-4239-6010
大阪,https://www.yogaroom.jp/studio/kinki/osaka/27106/18427,pilates studio iris(ピラティススタジオイリス),〒550-0003 大阪府大阪市西区京町堀1-8-12 エクセル靭201,090-2284-8573
大阪,https://www.yogaroom.jp/studio/kinki/osaka/27102/18430,pilates studio iris都島クラス(ピラティススタジオイリス),〒534-0015 大阪府大阪市都島区善源寺町1-5-18 NTビル2F プリムローズバレエスタジオ内,09022848573
大阪,https://www.yogaroom.jp/studio/kinki/osaka/27220/18386,VivoBearsi箕面店,〒562-0011 大阪府箕面市箕面６−４−２８ サンクスみのお2番館2階,072-720-2255
大阪,https://www.yogaroom.jp/studio/kinki/osaka/27203/18445,soleil yoga,〒560-0052 大阪府豊中市-,-
大阪,https://www.yogaroom.jp/studio/kinki/osaka/27220/18458,ジグススタジオ,〒562-0035 大阪府箕面市船場東2-4-1 フレスデザインビル1階,072-710-0716
大阪,https://www.yogaroom.jp/studio/kinki/osaka/27111/18408,LaLa Cleur,〒566-0011 大阪府大阪市浪速区難波中2-8-65 新光ビル702,090-2449-3530
大阪,https://www.yogaroom.jp/studio/kinki/osaka/27109/18462,"PILATES STUDIO ""L'esprit et le corps""",〒543-0073 大阪府大阪市天王寺区生玉寺町3-35-1 キューブコート夕陽ヶ丘,080-9123-6136
大阪,https://www.yogaroom.jp/studio/kinki/osaka/27127/18452,Yoga 101 Lesson,〒530-0056 大阪府大阪市北区兎我野町5-6 スタジオ1000 2F ルームNY,090-5902-4874
大阪,https://www.yogaroom.jp/studio/kinki/osaka/27211/18469,タイ式ヨガ教室ラック・ルーシー太田公民館分室教室,〒567-0012 大阪府茨木市太田2-6-1 太田公民館分室２階,090-7112-4604
大阪,https://www.yogaroom.jp/studio/kinki/osaka/27210/18485,スローストレッチピラティスヨガアロマ,〒573-0022 大阪府枚方市宮之阪3-10(サンディ裏側) 宮之阪集会所,090-6288-8282
大阪,https://www.yogaroom.jp/studio/kinki/osaka/27207/18470,タイ式ヨガ教室ラック・ルーシー喫茶去ゆり教室,〒567-0012 大阪府高槻市氷室町2-51-2 喫茶去ゆり2階,090-7112-4604
大阪,https://www.yogaroom.jp/studio/kinki/osaka/27301/18528,タイ式ヨガ教室ラック・ルーシー水無瀬教室,〒567-0012 大阪府三島郡島本町水無瀬2-7-1 メリーランド水無瀬校,09071124604
大阪,https://www.yogaroom.jp/studio/kinki/osaka/27109/18537,TSUBASA STUDIO,〒543-0063 大阪府大阪市天王寺区茶臼山町5-55 キャプテン翼スタジアム,0667715283
大阪,https://www.yogaroom.jp/studio/kinki/osaka/27128/18587,emikayoga,〒540-0013 大阪府大阪市中央区内久宝寺町3-3-15 ES BLDG 202 鍼灸 瑜暖-ゆのん- & emikayoga,08031041616
大阪,https://www.yogaroom.jp/studio/kinki/osaka/27128/18536,ホットヨガスタジオビープラス天満橋店,〒542-0012 大阪府大阪市中央区谷町１丁目５−６ サンユー天満橋ビル７階,06-4790-7707
大阪,https://www.yogaroom.jp/studio/kinki/osaka/27114/18570,Natsuco's Bodymake&Yoga Lesson★東淀川区上新庄吹田,〒533-0013 大阪府大阪市東淀川区豊里,08043950725
大阪,https://www.yogaroom.jp/studio/kinki/osaka/27144/18612,子連れ美ママヨガ,〒593-8322 大阪府堺市西区津久野町1丁17番8号 文化教室津久野１丁,0722738031
大阪,https://www.yogaroom.jp/studio/kinki/osaka/27120/18654,ママトコスマイル,〒558-0042 大阪府大阪市住吉区殿辻１-６-１６１F Ｍagenta,090-6973-1924
大阪,https://www.yogaroom.jp/studio/kinki/osaka/27128/18670,Pilates Studio The Four Seasons,〒541-0051 大阪府大阪市中央区備後町3−4−8 フクエイビル307,090-8484-8900
大阪,https://www.yogaroom.jp/studio/kinki/osaka/27202/18644,yogaのじかん（hikari*yogaクラス）,〒596-0014 大阪府岸和田市詳細は予約時に,090-2701-4691
大阪,https://www.yogaroom.jp/studio/kinki/osaka/27203/18601,ヨガ教室TAPAS 豊中,〒560-0026 大阪府豊中市玉井町４−２−８ サーパスシティ豊中２階集会室,06-6854-3504
大阪,https://www.yogaroom.jp/studio/kinki/osaka/27121/18671,ママを癒すママとベビーのヨガ,〒546-0032 大阪府大阪市東住吉区 東田辺２丁目１１−２８ 東住吉会館２階,080-5310-9632
大阪,https://www.yogaroom.jp/studio/kinki/osaka/27127/18675,プラスカルチャー,〒530-0051 大阪府大阪市北区太融寺町3-27 新日本太融寺ビル5階,06-6361-9220
大阪,https://www.yogaroom.jp/studio/kinki/osaka/27127/18683,yoga house,〒530-0036 大阪府大阪市北区与力町2−12 中川ビル2F,090-5963-5735
大阪,https://www.yogaroom.jp/studio/kinki/osaka/27123/18743,KCSからだコンディショニングスタジオ,〒532-0032 大阪府大阪市淀川区大阪市淀川区三津屋北1-4-15 BSビル101号室,06-6303-0116
大阪,https://www.yogaroom.jp/studio/kinki/osaka/27227/18726,Pilates studio oboc（ピラティス スタジオ オボック,〒579-8013 大阪府東大阪市西石切町3丁目3-27 出口ビル3F,050-7123-8520
大阪,https://www.yogaroom.jp/studio/kinki/osaka/27109/18808,ヨガ・ピラティス・自己整体 ハーモニー 上本町,〒543-0011 大阪府大阪市天王寺区清水谷町,0661911070
大阪,https://www.yogaroom.jp/studio/kinki/osaka/27106/18781,body practice Studio Nature,〒550-0001 大阪府大阪市西区土佐堀1丁目6-10 土佐堀トキワビル2F,06-6225-3399
大阪,https://www.yogaroom.jp/studio/kinki/osaka/27146/18812,からだの学舎Re-fit,〒591-8023 大阪府堺市北区中百舌鳥町5丁764-2 中百舌鳥ビル2F,072-260-4085
大阪,https://www.yogaroom.jp/studio/kinki/osaka/27141/18862,ヨガトリムルティ,〒590-0974 大阪府堺市堺区大浜北町2-6-10 OPH大浜,08053119091
大阪,https://www.yogaroom.jp/studio/kinki/osaka/27126/18875,おうちヨガサロン HANA,〒547-0004 大阪府大阪市平野区加美鞍作,090-5154-8146
大阪,https://www.yogaroom.jp/studio/kinki/osaka/27106/18825,studio Lupinus (スタジオ ルピナス),〒550-0003 大阪府大阪市西区京町堀2-2-3 サイトウビル601,0678788117
大阪,https://www.yogaroom.jp/studio/kinki/osaka/27141/18611,アロマとヨガのスタジオPleasant Hive (プレザント ハイヴ）,〒590-0022 大阪府堺市堺区中三国ヶ丘町1-1-4 2階,072-370-0194
大阪,https://www.yogaroom.jp/studio/kinki/osaka/27103/18878,YOGA STUDIO CERIA,〒553-0003 大阪府大阪市福島区福島2-10-19 メガロコープ福島414,070-5561-9339
大阪,https://www.yogaroom.jp/studio/kinki/osaka/27117/18927,Muna yoga 千林教室,〒536-0005 大阪府大阪市旭区清水3-1-16-5,080-3771-8362
大阪,https://www.yogaroom.jp/studio/kinki/osaka/27207/18902,ママズバランスヨガ,〒569-0067 大阪府高槻市桃園町5-4 新川ビル302,
大阪,https://www.yogaroom.jp/studio/kinki/osaka/27211/18468,タイ式ヨガ教室ラック・ルーシーオレンジ・ア・ゴーゴー教室,〒567-0012 大阪府茨木市別院町３−３０ 掛谷第４ビル３階,090-7112-4604
大阪,https://www.yogaroom.jp/studio/kinki/osaka/27118/18876,コトモット,〒536-0014 大阪府大阪市城東区鴫野西3-2-22 ディアクオーレ? 101,090-3039-0850
大阪,https://www.yogaroom.jp/studio/kinki/osaka/27127/18944,らうらうみっどわいふりい(助産院）,〒530-0041 大阪府大阪市北区天神橋３−５−２２ メゾンドール川口1階,080-5343-3838
大阪,https://www.yogaroom.jp/studio/kinki/osaka/27113/18963,Yinner bright,〒555-0012 大阪府大阪市西淀川区御幣島２丁目５ー２７ ２F,
大阪,https://www.yogaroom.jp/studio/kinki/osaka/27211/18887,Sakhi Yoga Studio (サキヨガスタジオ),〒567-0818 大阪府茨木市本町6−9 茨木本町ビル2B,-
大阪,https://www.yogaroom.jp/studio/kinki/osaka/27227/18535,ディラ鴻池新田クラス,〒578-0974 大阪府東大阪市鴻池元町6-21 パストラーレ鴻池202号室,06-6224-4591
大阪,https://www.yogaroom.jp/studio/kinki/osaka/27103/18931,WHITE LOTUS YOGA&JUICE,〒553-0003 大阪府大阪市福島区福島1-3-11 サンアール11号館１０１,06-6225-8617
大阪,https://www.yogaroom.jp/studio/kinki/osaka/27210/18961,ヨガ・ピラティス・ボディメイクスタジオangkasa 枚方店,〒573-0032 大阪府枚方市岡東町14-43 田口ビル4F,08037868787
大阪,https://www.yogaroom.jp/studio/kinki/osaka/27127/18984,Creative Yoga,〒530-0047 大阪府大阪市北区西天満4丁目9-2 西天満ビル6F,06-6363-3377
大阪,https://www.yogaroom.jp/studio/kinki/osaka/27113/18970,ヨガスタジオニーマ,〒555-0024 大阪府大阪市西淀川区野里3-2-19 洸有ビル2F,06-4862-7888
大阪,https://www.yogaroom.jp/studio/kinki/osaka/27227/18989,kyono yoga,〒577-0842 大阪府東大阪市足代南１丁目,090-4627-9686
大阪,https://www.yogaroom.jp/studio/kinki/osaka/27128/18967,EXECUTIVE7,〒541-0046 大阪府大阪市中央区平野町1-8-14 北浜TDSビル6F,0066-9688-19443
大阪,https://www.yogaroom.jp/studio/kinki/osaka/27114/18976,ｋｕｍａｎｏｍｉｙｏｇａ,〒530-0053 大阪府大阪市東淀川区柴島２丁目１８−２５ 願力寺,08042339834
大阪,https://www.yogaroom.jp/studio/kinki/osaka/27128/19008,Sweetpi-A,〒542-0081 大阪府大阪市中央区南船場1-3-21 グラスコートビル1F,06-6226-8987
大阪,https://www.yogaroom.jp/studio/kinki/osaka/27230/19073,Ｓｈａｎｔｉ ＹＯＧＡ 交野教室,〒576-0053 大阪府交野市郡津3丁目20-13 郡津公民館（月),09075506790
大阪,https://www.yogaroom.jp/studio/kinki/osaka/27212/19045,ジャム ヨガ サロン,〒581-0016 大阪府八尾市八尾木北5-155 白蓮会館 八尾南支部内,08025197496
大阪,https://www.yogaroom.jp/studio/kinki/osaka/27106/19080,Aerial Osaka -NaoYoga-北堀江,〒550-0014 大阪府大阪市西区北堀江1-13-4 Nobビル７階7,080-3860-2561
大阪,https://www.yogaroom.jp/studio/kinki/osaka/27227/19105,ヨガハウスプラーナ,〒578-0932 大阪府東大阪市玉串町東2-3-26,09077519468
大阪,https://www.yogaroom.jp/studio/kinki/osaka/27204/19136,エアリアル(空中ヨガ）ヨガスタジオCORE,〒563-0055 大阪府池田市菅原町11-4 さつき鍼灸整骨医院２階,072-753-0034
大阪,https://www.yogaroom.jp/studio/kinki/osaka/27203/19135,studioSTANCE豊中,〒561-0801 大阪府豊中市曽根西町1-2-4,0661513245
大阪,https://www.yogaroom.jp/studio/kinki/osaka/27102/19161,ボディセラピースタジオビープラス都島店,〒534-0021 大阪府大阪市都島区2丁目9-18 レインボープラザ1F,0669248250
大阪,https://www.yogaroom.jp/studio/kinki/osaka/27124/18467,コープ大阪ヨガ教室,〒538-0053 大阪府大阪市鶴見区鶴見3-6-22 5階,0669158855
大阪,https://www.yogaroom.jp/studio/kinki/osaka/27141/19194,ヴィベール,〒590-0013 大阪府堺市堺区東雲西町１−２−２,072-227-0011
大阪,https://www.yogaroom.jp/studio/kinki/osaka/27207/19121,STUDIO ROOTS∞ONE 高槻,〒569-1123 大阪府高槻市芥川町2-13-33 Insist25-4F,072-682-0522
大阪,https://www.yogaroom.jp/studio/kinki/osaka/27216/19002,BlissRoomマグマスパ,〒586-0069 大阪府河内長野市大阪府河内長野市石仏１５−１,0721-69-9773
大阪,https://www.yogaroom.jp/studio/kinki/osaka/27219/19233,hug yoga,〒594-0041 大阪府和泉市万町９７−１,08038297788
大阪,https://www.yogaroom.jp/studio/kinki/osaka/27203/19004,THANKSﾘﾝﾊﾟﾏｯｻｰｼﾞ＆yogaｐｉｌａｔｅｓ,〒561--0882 大阪府豊中市豊中市南桜塚２−６−１９,090-1071-7678
大阪,https://www.yogaroom.jp/studio/kinki/osaka/27142/19234,ママトレッシオ,〒599-8238 大阪府堺市中区土師町 ※なかもず駅、深井駅★詳細は直接お問い合わせください。,-
大阪,https://www.yogaroom.jp/studio/kinki/osaka/27119/19267,ヨガスタジオ Viana（ヴィアナ）,〒545-0011 大阪府大阪市阿倍野区昭和町1-20-22 朝日プラザ昭和町2階202,0671753577
大阪,https://www.yogaroom.jp/studio/kinki/osaka/27123/19268,ハニービーヨガ,〒532-0002 大阪府大阪市淀川区2-18-13,06-6152-6882
大阪,https://www.yogaroom.jp/studio/kinki/osaka/27142/19260,ママヨガ教室ＮＩＣＯ,〒599-8232 大阪府堺市中区新家町640-2 新家町自治会館,090-6329-0249
大阪,https://www.yogaroom.jp/studio/kinki/osaka/27145/19212,SJ dance park,〒590-0142 大阪府堺市南区檜尾544-1 スタジオティアラ第2スタジオ,090-8776-2248
大阪,https://www.yogaroom.jp/studio/kinki/osaka/27126/19278,アジアンヨガ,〒547-0046 大阪府大阪市平野区平野宮町1-4-17,06-6792-0888
大阪,https://www.yogaroom.jp/studio/kinki/osaka/27128/19266,大阪・北浜 Studio Inner Works Pilates・SmartSpine・Yamuna,〒541-0042 大阪府大阪市中央区今橋1-4-8 Y's Kitahama201,
大阪,https://www.yogaroom.jp/studio/kinki/osaka/27122/19282,帖佐チサエバレエアーツ,〒557-0062 大阪府大阪市西成区津守1丁目4番18号,0066-9688-17089
大阪,https://www.yogaroom.jp/studio/kinki/osaka/27103/19295,Gemini,〒553-0006 大阪府大阪市福島区吉野2-13-10 DUCE MIX ビルヂング401,0066-9688-19829
大阪,https://www.yogaroom.jp/studio/kinki/osaka/27124/19245,YOGA STUDIO CALM,〒538-0053 大阪府大阪市鶴見区鶴見5-1-13 DIAS 2F,0120-22-8789
大阪,https://www.yogaroom.jp/studio/kinki/osaka/27106/19302,beauty fitness studio Leaf,〒550-0015 大阪府大阪市西区南堀江1-25-12 RE-015 305,050-5317-3602
大阪,https://www.yogaroom.jp/studio/kinki/osaka/27128/19294,Saion de MANO,〒541-0046 大阪府大阪市中央区平野町3-3-11 アーバネックスヨドヤバシ301号,0066-9688-16456
大阪,https://www.yogaroom.jp/studio/kinki/osaka/27123/19290,アンチエイジングヨガこめヨガみくに福祉会館店,〒532-0005 大阪府大阪市淀川区三国本町3-30-6 みくに福祉会館,0066-9688-12443
大阪,https://www.yogaroom.jp/studio/kinki/osaka/27119/19285,ピラティス＆コアアラインスタジオB＆B大阪 阿倍野,〒545-0011 大阪府大阪市阿倍野区昭和町1-15-17 マンションMOMO101,0066-9688-17979
大阪,https://www.yogaroom.jp/studio/kinki/osaka/27109/19287,Pilates studio Sonare,〒543-0054 大阪府大阪市天王寺区南河堀町9-43-502,0066-9688-12977
大阪,https://www.yogaroom.jp/studio/kinki/osaka/27127/19306,アトリエむすひ(無添加オーガニックサロンむすひ),〒531-0076 大阪府大阪市北区大淀中5-6-12 (正體奈菜),09098797557
大阪,https://www.yogaroom.jp/studio/kinki/osaka/27226/19312,チューニングヨガ,〒583-0014 大阪府藤井寺市野中四丁目13-15,09018909469
大阪,https://www.yogaroom.jp/studio/kinki/osaka/27127/19343,女性セラピー Yoga＆ピラティス,〒530-0000 大阪府大阪市北区中之島5丁目3番６８号 リーガロイアルホテルウエルネスジム,080-3771-8362
大阪,https://www.yogaroom.jp/studio/kinki/osaka/27125/19332,天空の健美ヨガ教室,〒559-0034 大阪府大阪市住之江区南港北1-14-16 大阪府咲洲庁舎展望台,06-6615-6055
大阪,https://www.yogaroom.jp/studio/kinki/osaka/27109/19288,ボディサイエンスピラティススタジオ,〒543-0031 大阪府大阪市天王寺区石ヶ辻町14-2 錢屋本舗南館6F,0066-9688-11814
大阪,https://www.yogaroom.jp/studio/kinki/osaka/27126/19362,YOGA ART喜連瓜破店,〒547-0024 大阪府大阪市平野区喜連瓜破2-1-65 ピアン平野1F,06-7165-0535
大阪,https://www.yogaroom.jp/studio/kinki/osaka/27109/19376,ヨガサークル チャクラ,〒543-0073 大阪府大阪市天王寺区生玉寺町7-57 天王寺区民センター,08044924545
大阪,https://www.yogaroom.jp/studio/kinki/osaka/27227/19374,ココデヨガCocoDeYoga,〒577-0013 大阪府東大阪市長田中1-3-20 メゾン長田2F,070-5663-0171
大阪,https://www.yogaroom.jp/studio/kinki/osaka/27128/19378,ヨガサークル チャクラ,〒542-0082 大阪府大阪市中央区島之内2-12-31 中央会館,08044924545
大阪,https://www.yogaroom.jp/studio/kinki/osaka/27111/19379,ヨガサークル チャクラ,〒556-0023 大阪府大阪市浪速区浪速区稲荷２丁目4番3号 浪速区民センター,08044924545
大阪,https://www.yogaroom.jp/studio/kinki/osaka/27103/19380,リビングヨガ大阪本校,〒553-0001 大阪府大阪市福島区海老江2-1-31 青山ビル7F,0120-50-3601
大阪,https://www.yogaroom.jp/studio/kinki/osaka/27206/19385,ONE POT,〒595-0038 大阪府泉大津市豊中町3-10-6,-
大阪,https://www.yogaroom.jp/studio/kinki/osaka/27127/19321,Uprise,〒530-0024 大阪府大阪市北区山崎町1-9 馬渕ビル2階,06-7504-6570
大阪,https://www.yogaroom.jp/studio/kinki/osaka/27216/19425,きれいになるPilates,〒586-0037 大阪府河内長野市※詳細はお問い合わせください。,09032722515
